monthly_consumption_kwh,future_usage_growth_pct,adjusted_monthly_consumption_kwh,annual_consumption_kwh,empirical_annual_yield_kwh_per_kwp,required_capacity_kw,mnre_min_capacity_kw,mnre_max_capacity_kw,recommended_capacity_kw,label_source
50,0,50.0,600.0,1055.52,0.568,1.0,2.0,1.0,method_derived
50,5,52.5,630.0,1055.52,0.597,1.0,2.0,1.0,method_derived
50,10,55.0,660.0,1055.52,0.625,1.0,2.0,1.0,method_derived
50,15,57.5,690.0,1055.52,0.654,1.0,2.0,1.0,method_derived
50,20,60.0,720.0,1055.52,0.682,1.0,2.0,1.0,method_derived
75,0,75.0,900.0,1055.52,0.853,1.0,2.0,1.0,method_derived
75,5,78.75,945.0,1055.52,0.895,1.0,2.0,1.0,method_derived
75,10,82.5,990.0,1055.52,0.938,1.0,2.0,1.0,method_derived
75,15,86.25,1035.0,1055.52,0.981,1.0,2.0,1.0,method_derived
75,20,90.0,1080.0,1055.52,1.023,1.0,2.0,1.023,method_derived
100,0,100.0,1200.0,1055.52,1.137,1.0,2.0,1.137,method_derived
100,5,105.0,1260.0,1055.52,1.194,1.0,2.0,1.194,method_derived
100,10,110.0,1320.0,1055.52,1.251,1.0,2.0,1.251,method_derived
100,15,115.0,1380.0,1055.52,1.307,1.0,2.0,1.307,method_derived
100,20,120.0,1440.0,1055.52,1.364,1.0,2.0,1.364,method_derived
125,0,125.0,1500.0,1055.52,1.421,1.0,2.0,1.421,method_derived
125,5,131.25,1575.0,1055.52,1.492,1.0,2.0,1.492,method_derived
125,10,137.5,1650.0,1055.52,1.563,1.0,2.0,1.563,method_derived
125,15,143.75,1725.0,1055.52,1.634,1.0,2.0,1.634,method_derived
125,20,150.0,1800.0,1055.52,1.705,1.0,2.0,1.705,method_derived
150,0,150.0,1800.0,1055.52,1.705,1.0,2.0,1.705,method_derived
150,5,157.5,1890.0,1055.52,1.791,1.0,2.0,1.791,method_derived
150,10,165.0,1980.0,1055.52,1.876,1.0,2.0,1.876,method_derived
150,15,172.5,2070.0,1055.52,1.961,1.0,2.0,1.961,method_derived
150,20,180.0,2160.0,1055.52,2.046,1.0,2.0,2.046,method_derived
175,0,175.0,2100.0,1055.52,1.99,2.0,3.0,2.0,method_derived
175,5,183.75,2205.0,1055.52,2.089,2.0,3.0,2.089,method_derived
175,10,192.5,2310.0,1055.52,2.188,2.0,3.0,2.188,method_derived
175,15,201.25,2415.0,1055.52,2.288,2.0,3.0,2.288,method_derived
175,20,210.0,2520.0,1055.52,2.387,2.0,3.0,2.387,method_derived
200,0,200.0,2400.0,1055.52,2.274,2.0,3.0,2.274,method_derived
200,5,210.0,2520.0,1055.52,2.387,2.0,3.0,2.387,method_derived
200,10,220.0,2640.0,1055.52,2.501,2.0,3.0,2.501,method_derived
200,15,230.0,2760.0,1055.52,2.615,2.0,3.0,2.615,method_derived
200,20,240.0,2880.0,1055.52,2.729,2.0,3.0,2.729,method_derived
225,0,225.0,2700.0,1055.52,2.558,2.0,3.0,2.558,method_derived
225,5,236.25,2835.0,1055.52,2.686,2.0,3.0,2.686,method_derived
225,10,247.5,2970.0,1055.52,2.814,2.0,3.0,2.814,method_derived
225,15,258.75,3105.0,1055.52,2.942,2.0,3.0,2.942,method_derived
225,20,270.0,3240.0,1055.52,3.07,2.0,3.0,3.07,method_derived
250,0,250.0,3000.0,1055.52,2.842,2.0,3.0,2.842,method_derived
250,5,262.5,3150.0,1055.52,2.984,2.0,3.0,2.984,method_derived
250,10,275.0,3300.0,1055.52,3.126,2.0,3.0,3.126,method_derived
250,15,287.5,3450.0,1055.52,3.269,2.0,3.0,3.269,method_derived
250,20,300.0,3600.0,1055.52,3.411,2.0,3.0,3.411,method_derived
275,0,275.0,3300.0,1055.52,3.126,2.0,3.0,3.126,method_derived
275,5,288.75,3465.0,1055.52,3.283,2.0,3.0,3.283,method_derived
275,10,302.5,3630.0,1055.52,3.439,2.0,3.0,3.439,method_derived
275,15,316.25,3795.0,1055.52,3.595,2.0,3.0,3.595,method_derived
275,20,330.0,3960.0,1055.52,3.752,2.0,3.0,3.752,method_derived
300,0,300.0,3600.0,1055.52,3.411,2.0,3.0,3.411,method_derived
300,5,315.0,3780.0,1055.52,3.581,2.0,3.0,3.581,method_derived
300,10,330.0,3960.0,1055.52,3.752,2.0,3.0,3.752,method_derived
300,15,345.0,4140.0,1055.52,3.922,2.0,3.0,3.922,method_derived
300,20,360.0,4320.0,1055.52,4.093,2.0,3.0,4.093,method_derived
350,0,350.0,4200.0,1055.52,3.979,3.0,,3.979,method_derived
350,5,367.5,4410.0,1055.52,4.178,3.0,,4.178,method_derived
350,10,385.0,4620.0,1055.52,4.377,3.0,,4.377,method_derived
350,15,402.5,4830.0,1055.52,4.576,3.0,,4.576,method_derived
350,20,420.0,5040.0,1055.52,4.775,3.0,,4.775,method_derived
400,0,400.0,4800.0,1055.52,4.548,3.0,,4.548,method_derived
400,5,420.0,5040.0,1055.52,4.775,3.0,,4.775,method_derived
400,10,440.0,5280.0,1055.52,5.002,3.0,,5.002,method_derived
400,15,460.0,5520.0,1055.52,5.23,3.0,,5.23,method_derived
400,20,480.0,5760.0,1055.52,5.457,3.0,,5.457,method_derived
450,0,450.0,5400.0,1055.52,5.116,3.0,,5.116,method_derived
450,5,472.5,5670.0,1055.52,5.372,3.0,,5.372,method_derived
450,10,495.0,5940.0,1055.52,5.628,3.0,,5.628,method_derived
450,15,517.5,6210.0,1055.52,5.883,3.0,,5.883,method_derived
450,20,540.0,6480.0,1055.52,6.139,3.0,,6.139,method_derived
500,0,500.0,6000.0,1055.52,5.684,3.0,,5.684,method_derived
500,5,525.0,6300.0,1055.52,5.969,3.0,,5.969,method_derived
500,10,550.0,6600.0,1055.52,6.253,3.0,,6.253,method_derived
500,15,575.0,6900.0,1055.52,6.537,3.0,,6.537,method_derived
500,20,600.0,7200.0,1055.52,6.821,3.0,,6.821,method_derived
600,0,600.0,7200.0,1055.52,6.821,3.0,,6.821,method_derived
600,5,630.0,7560.0,1055.52,7.162,3.0,,7.162,method_derived
600,10,660.0,7920.0,1055.52,7.503,3.0,,7.503,method_derived
600,15,690.0,8280.0,1055.52,7.844,3.0,,7.844,method_derived
600,20,720.0,8640.0,1055.52,8.186,3.0,,8.186,method_derived
750,0,750.0,9000.0,1055.52,8.527,3.0,,8.527,method_derived
750,5,787.5,9450.0,1055.52,8.953,3.0,,8.953,method_derived
750,10,825.0,9900.0,1055.52,9.379,3.0,,9.379,method_derived
750,15,862.5,10350.0,1055.52,9.806,3.0,,9.806,method_derived
750,20,900.0,10800.0,1055.52,10.232,3.0,,10.232,method_derived
