manufacturer,product_name,category,technology,wattage_wp,efficiency_percent,price_inr,price_per_watt,source_url
Adani Solar,Shine Series | MonoPERC,panel,"TOPCon, P-Type, DCR",560.0,21.22,,,https://www.adanisolar.com/product-monoperc-shine
Adani Solar,Shine TopCon Series,panel,"TOPCon, Bifacial, N-Type, DCR",640.0,22.3,,,https://www.adanisolar.com/product-topcon-shine-series
Loom Solar,"5 kWh Power Storage System for Commercials, Shops, Office, Showrooms",battery,,,,240000.0,,https://www.loomsolar.com/products/5-kva-solar-inverter-with-5-kwh-lithium-battery-for-home
Loom Solar,C&I ESS Product: 50-1000kWh (Customized),battery,,,,5000000.0,,https://www.loomsolar.com/products/c-i-ess-product
Loom Solar,"CAML 10.24 kWh (200Ah, 51.2V) LiFePO4 Battery - Wall Mount",battery,,,,230000.0,,https://www.loomsolar.com/products/caml-51-2-v-200-ah-10-24-kwh-lifepo4-battery-wall-mount
Loom Solar,"CAML 100 Ah, 204.8 V / 20kWh High-Voltage Lithium Battery",battery,,,,520000.0,,https://www.loomsolar.com/products/caml-100ah-51-2v-high-voltage-lithium-battery
Loom Solar,"CAML 12.8 V 100 Ah, 1.28 kWh LiFePO4 - Lithium Battery",battery,,,,34500.0,,https://www.loomsolar.com/products/caml-10012-low-voltage-lithium-battery
Loom Solar,CAML 125kW/261kWh All-in-One BESS for C&I Applications,battery,,,,6000000.0,,https://www.loomsolar.com/products/caml-125kw_261kwh-2h-liquid-cooled-battery-energy-storage-system
Loom Solar,"CAML 2.56 kWh (100Ah, 25.6V) LiFePO4 Wall-Mount - Lithium Battery",battery,,,,64375.0,,https://www.loomsolar.com/products/caml-10025-wall-mount-lv-lithium-battery
Loom Solar,"CAML 48 V 100 Ah, 5 kWh Lithium Battery - Rack Mount",battery,,,,99000.0,,https://www.loomsolar.com/products/100-ah-5000-watt-hour-lithium-battery-for-inverter
Loom Solar,CAML 5 MWh Liquid Cooled Containerized Battery Energy Storage System (BESS),battery,,,,,,https://www.loomsolar.com/products/caml-5-mwh-liquid-cooled-containerized-battery-energy-storage-system-bess
Loom Solar,"CAML 5.12 kWh (100Ah, 51.2V) LiFePO4 Battery - Wall Mount",battery,,,,115000.0,,https://www.loomsolar.com/products/100ah-5kwh-lifepo4-battery-for-home
Loom Solar,"CAML 50 Ah, 204.8 V / 10 kWh High-Voltage Stackable Lithium Battery",battery,,,,275000.0,,https://www.loomsolar.com/products/caml-50-ah-51-2-v-high-voltage-lithium-battery
Loom Solar,"CAML 51.2 V 100 Ah, 5.12 kWh Rack-Mount Lithium Battery",battery,,,,108000.0,,https://www.loomsolar.com/products/caml-51-2-v-100-ah-5-12-kwh-rack-mount-terminal-block-lithium-battery
Loom Solar,FUSION 3 kW Single Phase On-Grid Solar Inverter,inverter,,,,20000.0,,https://www.loomsolar.com/products/fusion-31fe-kw-on-grid-solar-inverter
Loom Solar,"Fusion 10 kW, 3 ø on grid solar inverter",inverter,,,,60000.0,,https://www.loomsolar.com/products/fusion-10-kw-on-grid-solar-inverter
Loom Solar,Fusion 10 kW/ 48 V Hybrid Solar inverter,inverter,,,,279000.0,,https://www.loomsolar.com/products/fusion-10-kva-48-volt-hybrid-solar-inverter
Loom Solar,Fusion 100 kw on grid solar inverter,inverter,,,,300000.0,,https://www.loomsolar.com/products/fusion-100-kw-on-grid-solar-inverter-three-phase
Loom Solar,"Fusion 15 kw, 3 Φ on grid solar inverter",inverter,,,,76000.0,,https://www.loomsolar.com/products/fusion-15-kw-on-grid-solar-inverter
Loom Solar,Fusion 20 kw on grid solar inverter,inverter,,,,101640.0,,https://www.loomsolar.com/products/fusion-20-kw-on-grid-solar-inverter-three-phase
Loom Solar,Fusion 25 kW on grid solar inverter,inverter,,,,96500.0,,https://www.loomsolar.com/products/fusion-25-kw-on-grid-solar-inverter-three-phase
Loom Solar,Fusion 30 kw on grid solar inverter,inverter,,,,135125.0,,https://www.loomsolar.com/products/fusion-30-kw-on-grid-solar-inverter-three-phase
Loom Solar,"Fusion 4 kw, 1 ø on grid solar inverter",inverter,,,,28500.0,,https://www.loomsolar.com/products/fusion-4-kw-on-grid-solar-inverter
Loom Solar,Fusion 5 kW / 48 V Hybrid Solar Inverter,inverter,,,,117000.0,,https://www.loomsolar.com/products/5kw-48v-hybrid-solar-inverter-for-lithium-battery
Loom Solar,"Fusion 5 kW, 1 ø on grid solar inverter",inverter,,,,33500.0,,https://www.loomsolar.com/products/fusion-5-kw-on-grid-solar-inverter-1phase
Loom Solar,Fusion 50 kW on grid solar inverter,inverter,,,,200000.0,,https://www.loomsolar.com/products/fusion-50-kw-on-grid-solar-inverter-three-phase
Loom Solar,"Fusion 6 kW, 3 ø On-Grid Solar Inverter",inverter,,,,52500.0,,https://www.loomsolar.com/products/fusion-6-kw-on-grid-solar-inverter
Loom Solar,"Fusion 8 kw, 3 ø on grid solar inverter",inverter,,,,57000.0,,https://www.loomsolar.com/products/fusion-8-kw-on-grid-solar-inverter
Loom Solar,Fusion 80 kw on grid solar inverter,inverter,,,,275000.0,,https://www.loomsolar.com/products/fusion-80-kw-on-grid-solar-inverter-three-phase
Loom Solar,Loom Solar Panel - SHARK 600 Wp | N-Type TOPCon Bifacial 16BB (Pack of 2),panel,"TOPCon, Bifacial, N-Type",600.0,23.23,30000.0,50.0,https://www.loomsolar.com/products/loom-solar-panel-shark-600-wp-n-type-topcon-bifacial-16bb
Loom Solar,Loom Solar SHARK 625 Wp N-Type TOPCon G12R Dual Glass Bifacial Solar Panel(Pack of 36),panel,"TOPCon, Bifacial, N-Type, Half-Cut, Dual Glass",625.0,23.25,383644.0,613.8304,https://www.loomsolar.com/products/shark-625-wp-n-topcon-g12r-dual-glass-solar-panel-pack-of-31
Loom Solar,SHARK 600 Wp HJT Dual-Glass Solar Panel (Pack of 31),panel,"Bifacial, HJT",600.0,23.5,342000.0,570.0,https://www.loomsolar.com/products/shark-600-wp-hjt-dual-glass-solar-panel-pack-of-33
Loom Solar,SHARK 730~750 Wp HJT Dual-Glass Solar Panel (Pack of 33),panel,"Bifacial, HJT, N-Type, Dual Glass",750.0,,530000.0,706.6666666666666,https://www.loomsolar.com/products/shark-730wp-hjt-dual-glass-solar-panel
Saatvik Green Energy,Saatvik UDAY Plus Series Hybrid Solar Inverter,inverter,,,,,,https://www.saatvikgroup.com/inverters/hybrid
Saatvik Green Energy,Saatvik Tej N-TOPCon M10R Bifacial Module,panel,"TOPCon, Mono PERC, Bifacial, N-Type, P-Type, Glass-to-Glass",585.0,23.69,,,https://www.saatvikgroup.com/modules/n-topcon
Saatvik Green Energy,Saatvik Tej Plus N-TOPCon G12R Bifacial Module,panel,"TOPCon, Bifacial, N-Type, P-Type, Glass-to-Glass",640.0,23.69,,,https://www.saatvikgroup.com/modules/bifacial-g12r
Saatvik Green Energy,Saatvik VEGA Plus Mono PERC G2TB Bifacial Module,panel,"Mono PERC, Bifacial, Half-Cut",550.0,21.29,,,https://www.saatvikgroup.com/modules/bifacial-g2tb
Waaree Energies,Buy 4kW Three Phase Solar On-Grid Inverter | Waaree,inverter,,,,63000.0,,https://shop.waaree.com/on-grid-three-phase-w3-4k
Waaree Energies,Single Phase On Grid Inverter,inverter,,,,,,https://shop.waaree.com/single-phase-on-grid-inverter
Waaree Energies,Buy 540Wp Mono PERC DCR Solar Panel Online | Waaree,panel,"Mono PERC, Monocrystalline, Polycrystalline, Bifacial, Dual Glass, DCR",540.0,22.0,15199.0,28.146296296296295,https://shop.waaree.com/waaree-540wp-144-cells-24v-mono-perc-dcr-solar-panel-m10-mono-10bb-glass-to-backsheet-module-high-efficiency-solar-module
Waaree Energies,Buy Waaree 700Wp TOPCon Bifacial Solar Module | Waaree,panel,"TOPCon, Mono PERC, Monocrystalline, Polycrystalline, Bifacial, N-Type, Dual Glass, DCR",700.0,22.32,15599.0,22.284285714285716,https://shop.waaree.com/waaree-700wp-topcon-n-type-bifacial-solar-panel-m12-g2g-132-cells-dual-glass-high-efficiency-solar-module-for-rooftop-commercial-use
Waaree Energies,WAAREE 250WP Mono PERC Flexible Solar Module,panel,"Mono PERC, Monocrystalline, Polycrystalline, Bifacial",250.0,22.0,14199.0,56.796,https://shop.waaree.com/waaree-250wp-mono-perc-flexible-solar-module
Waaree Energies,WAAREE 545Wp 144 Cells 24 Volts Framed Dual Glass Mono PERC Bifacial Solar Module,panel,"Mono PERC, Monocrystalline, Polycrystalline, Bifacial, N-Type, Dual Glass, DCR",545.0,22.0,11499.0,21.09908256880734,https://shop.waaree.com/waaree-545wp-144-cells-24-volts-framed-dual-glass-mono-perc-bifacial-solar-module
Waaree Energies,WAAREE 550Wp 144Cells 24 Volts Mono PERC Solar Module,panel,"Mono PERC, Monocrystalline, Polycrystalline, Bifacial, DCR",550.0,22.0,11799.0,21.452727272727273,https://shop.waaree.com/waaree-550wp-m10-mono-10bb-solar-panel-glass-to-white-backsheet-module-high-efficiency-mono-perc-solar-pv-module
Waaree Energies,WAAREE 550Wp 144Cells 44 Volts Framed Dual Glass Mono PERC Bifacial Solar Module,panel,"Mono PERC, Monocrystalline, Polycrystalline, Bifacial, N-Type, Half-Cut, Dual Glass, DCR",550.0,22.0,11899.0,21.634545454545453,https://shop.waaree.com/waaree-550wp-144cells-44-volts-framed-dual-glass-mono-perc-bifacial-solar-module
Waaree Energies,WAAREE 565Wp 144Cells 24 Volts N-Type Framed Dual Glass Bifacial DCR Solar Module,panel,"TOPCon, Mono PERC, Monocrystalline, Polycrystalline, Bifacial, N-Type, Dual Glass, DCR",565.0,22.0,11699.0,20.706194690265487,https://shop.waaree.com/waaree-565wp-144cells-24-volts-n-type-framed-dual-glass-bifacial-non-dcr-solar-module
Waaree Energies,WAAREE 575Wp 144Cells 24 Volts N-Type Framed Dual Glass Bifacial Non-DCR Solar Module,panel,"TOPCon, Mono PERC, Monocrystalline, Polycrystalline, Bifacial, N-Type, Dual Glass, DCR",575.0,22.0,11299.0,19.650434782608695,https://shop.waaree.com/waaree-575wp-144cells-24-volts-n-type-framed-dual-glass-bifacial-non-dcr-solar-module
Waaree Energies,WAAREE 580Wp 144Cells 24 Volts N-Type Framed Dual Glass Bifacial Non-DCR Solar Module,panel,"TOPCon, Mono PERC, Monocrystalline, Polycrystalline, Bifacial, N-Type, Dual Glass, DCR",580.0,22.0,12099.0,20.860344827586207,https://shop.waaree.com/waaree-580wp-144cells-24-volts-n-type-framed-dual-glass-bifacial-non-dcr-solar-module
Waaree Energies,WAAREE 585Wp 144Cells 24 Volts N-Type Framed Dual Glass Bifacial Non-DCR Solar Module,panel,"TOPCon, Mono PERC, Monocrystalline, Polycrystalline, Bifacial, N-Type, Dual Glass, DCR",585.0,22.0,12199.01,20.853008547008546,https://shop.waaree.com/waaree-585wp-144cells-24-volts-n-type-framed-dual-glass-bifacial-non-dcr-solar-modules
Waaree Energies,WAAREE 590Wp 144Cells 24 Volts N-Type Framed Dual Glass Bifacial Non-DCR Solar Module,panel,"TOPCon, Mono PERC, Monocrystalline, Polycrystalline, Bifacial, N-Type, Dual Glass, DCR",590.0,22.0,12299.0,20.845762711864406,https://shop.waaree.com/waaree-590wp-144cells-24-volts-n-type-framed-dual-glass-bifacial-non-dcr-solar-module
Waaree Energies,WAAREE 595Wp 144Cells 24 Volts N-Type Framed Dual Glass Bifacial Non-DCR Solar Module,panel,"TOPCon, Mono PERC, Monocrystalline, Polycrystalline, Bifacial, N-Type, Dual Glass, DCR",595.0,22.0,12999.0,21.847058823529412,https://shop.waaree.com/waaree-595wp-144cells-24-volts-n-type-framed-dual-glass-bifacial-non-dcr-solar-modules
Waaree Energies,WAAREE 685Wp 132 Cells 24 Volts N-Type Framed Dual Glass Bifacial Solar Module,panel,"TOPCon, Mono PERC, Monocrystalline, Polycrystalline, Bifacial, N-Type, Dual Glass, DCR",685.0,22.0,15499.0,22.626277372262773,https://shop.waaree.com/waaree-695-wp-132cells-24-volts-n-type-framed-dual-glass-bifacial-solar-module
