SiteKey,Year,MonthNum,kWp,lat,Lon,air_temperature_mean_c,apparent_temperature_mean_c,dew_point_mean_c,relative_humidity_mean_pct,month_sin,month_cos,actual_monthly_generation_kwh
27,2020,1,32328.8,0.0,0.0,83.676765,2206.4155,-16.907516,628.56323,-107.433075,9317.757,52882.59366999997
27,2020,2,33411.652,0.0,0.0,610.42535,2615.3755,148.20187,94.054985,-273.6917,9350.256,54404.46899999997
27,2020,3,33874.836,0.0,0.0,1348.511,306.54068,1671.5443,814.38074,-190.36836,7124.039,53486.31200000015
34,2020,3,-8453.289,0.0,0.0,356.3935,10.660513,170.51537,105.748215,-363.16446,896.5891,881.7935047
35,2020,3,-8066.9707,0.0,0.0,475.89392,14.948175,171.45879,159.22298,-535.39417,884.15656,1585.9562652400002
27,2020,4,27195.594,0.0,0.0,1214.2739,707.50934,1827.0365,937.62305,-381.83093,-4463.3574,35816.984400000045
34,2020,4,-6528.7773,0.0,0.0,237.39813,67.708275,518.20264,-54.82311,-13.943063,-665.06866,1757.4736355999992
35,2020,4,-6170.876,0.0,0.0,215.34747,68.02903,530.0265,-76.59434,-60.24478,-699.3813,2348.756102
27,2020,5,22955.426,0.0,0.0,1015.6355,180.07396,-995.6778,-692.40955,-567.28467,-7876.879,22613.03139999992
34,2020,5,-5362.5005,0.0,0.0,166.34406,3.2594025,-98.64954,-161.97354,-34.88394,-1432.5328,1471.675291000001
35,2020,5,-4954.118,0.0,0.0,146.47734,6.3222675,-99.47386,-177.5835,-10.330422,-1468.348,1880.7985810000016
14,2020,6,-1736.0281,0.0,0.0,-1198.2916,3.3715386,-77.455505,-986.12054,-57.182106,-2452.2156,1853.945663075
15,2020,6,224.59557,0.0,0.0,-1134.9414,-56.088573,-123.07326,-1012.26996,-70.28196,-2771.345,4172.761154021876
17,2020,6,-2974.2,0.0,0.0,-961.2142,-15.397565,-120.54749,-867.8651,-43.205288,-2162.1765,1351.7392443915628
19,2020,6,4242.3306,0.0,0.0,-3245.1025,-53.475952,-297.50278,-2116.8481,-38.57223,-4955.6807,839.1422733179686
20,2020,6,-817.6949,0.0,0.0,-1134.9419,-24.012152,-120.23791,-1051.0533,-67.631386,-2651.3894,2492.649665218125
21,2020,6,-3472.2837,0.0,0.0,-928.1887,-15.843431,-126.18675,-829.45483,-44.8458,-2146.3696,1024.5789155239063
22,2020,6,-1493.7725,0.0,0.0,-1162.7417,-22.479319,-104.799904,-988.4449,-65.51384,-2523.325,2099.0254300700003
24,2020,6,121.4738,0.0,0.0,-1175.8608,-16.435247,-128.42775,-1056.1943,-45.223152,-2533.1228,3230.335244979125
25,2020,6,13265.162,0.0,0.0,-4665.015,-126.765915,-1115.2651,-3991.2107,-392.2742,-10159.088,721.213688862356
26,2020,6,-3392.0012,0.0,0.0,-898.56647,-14.872592,-123.901245,-810.2663,-44.733612,-2138.4888,1177.0312248962505
27,2020,6,21168.033,0.0,0.0,-1369.0056,76.67776,-1122.6428,-2145.424,-386.16986,-9735.851,15102.71889999992
31,2020,6,-907.66864,0.0,0.0,-1113.1226,-20.685274,-114.80555,-995.5135,-66.62497,-2598.1829,2695.4774148906245
32,2020,6,-3731.617,0.0,0.0,-869.82117,-17.243984,-130.51134,-806.0588,-42.04506,-2071.491,1014.5505033129068
33,2020,6,-174.54138,0.0,0.0,-1134.9213,-68.0179,-134.27737,-1025.8165,-78.2229,-2664.5193,3026.2381723212497
34,2020,6,-4237.7607,0.0,0.0,-630.6836,0.075616024,-37.14973,-707.10443,-40.254677,-1845.9238,1165.8461954375025
35,2020,6,-3878.1226,0.0,0.0,-697.0538,0.3532558,-40.844967,-721.23975,-6.8468757,-1897.748,1418.9340819687486
36,2020,6,-2826.2437,0.0,0.0,-1040.514,-16.148174,-118.59231,-868.74603,-46.610252,-2226.0,1381.7114421711256
37,2020,6,-2798.1655,0.0,0.0,-1039.2793,-16.309929,-114.12215,-870.17566,-45.45451,-2231.6443,1452.2565963731251
38,2020,6,-2402.0557,0.0,0.0,-1088.8162,-17.842575,-113.67557,-892.32404,-47.716805,-2269.5981,1495.6413625816876
40,2020,6,-1176.8364,0.0,0.0,-1123.3965,-20.968391,-120.59702,-1003.2015,-67.83358,-2643.0405,2223.503729328125
14,2020,7,-2168.39,0.0,0.0,-794.78723,0.14112931,-31.02905,-764.98895,-61.583862,-2092.8296,2778.56640625
15,2020,7,-445.99286,0.0,0.0,-885.87067,-64.49106,-131.56349,-842.31067,-88.1596,-2488.9119,3218.62890625
17,2020,7,-3430.3005,0.0,0.0,-581.37134,-14.755092,-99.33406,-657.5346,-49.278645,-1793.3867,1829.2391357421875
18,2020,7,4412.3647,0.0,0.0,-1764.3322,-122.723114,-235.88684,-1081.0707,-184.21478,-3593.3804,5671.730958938599
19,2020,7,6089.688,0.0,0.0,-1772.5945,85.18497,-136.62494,-1827.3463,-13.152482,-3420.7705,7404.8675537109375
20,2020,7,-1186.5385,0.0,0.0,-707.7698,10.597583,-92.52512,-833.564,-72.275345,-2288.4124,3255.602294921875
21,2020,7,-3938.0107,0.0,0.0,-570.79034,-2.46399,-107.36897,-602.4574,-50.112064,-1789.243,1344.0372314453125
22,2020,7,-1881.2687,0.0,0.0,-738.70557,3.0834348,-85.79478,-767.07263,-69.91556,-2163.9392,2692.719482421875
24,2020,7,-282.0305,0.0,0.0,-783.59204,-9.671509,-109.59401,-822.983,-46.72122,-2147.3716,4209.455322265625
25,2020,7,18814.945,0.0,0.0,-2405.3093,54.323296,-668.3651,-1991.7072,-342.52408,-6079.3906,15906.42352294922
26,2020,7,-3895.469,0.0,0.0,-560.5962,-2.7168987,-105.08737,-594.0903,-50.196205,-1790.082,1471.096435546875
27,2020,7,23241.695,0.0,0.0,-218.09825,110.3554,-735.9739,-1236.2427,-322.17508,-7805.187,21453.0
31,2020,7,-1304.7692,0.0,0.0,-688.8443,7.4699407,-87.35326,-785.62646,-71.26892,-2259.2356,3418.0419921875
32,2020,7,-4214.7,0.0,0.0,-516.5745,10.731725,-105.179855,-584.4873,-50.98582,-1730.3309,1329.06396484375
33,2020,7,-639.3405,0.0,0.0,-765.91376,-27.207943,-108.06787,-839.89014,-89.27597,-2349.9058,3858.646240234375
34,2020,7,-4930.4395,0.0,0.0,-343.3035,-20.098766,-105.74206,-516.4403,-55.91005,-1574.0371,927.85595703125
35,2020,7,-4538.1504,0.0,0.0,-395.03522,-11.176819,-106.25877,-531.30005,-11.100516,-1606.6085,1135.0849609375
36,2020,7,-3251.8762,0.0,0.0,-652.54553,-1.4441395,-99.7645,-647.3206,-48.733425,-1857.6223,1801.7872314453125
37,2020,7,-3222.4614,0.0,0.0,-652.025,-0.6242112,-97.18393,-648.1803,-48.909164,-1863.2983,1929.450439453125
38,2020,7,-2814.7893,0.0,0.0,-701.22235,-2.156861,-88.1501,-667.7001,-50.823837,-1901.0883,2143.0069580078125
40,2020,7,-1586.051,0.0,0.0,-713.72723,12.016347,-96.32979,-791.8778,-72.45157,-2302.904,2820.242431640625
14,2020,8,-2741.983,0.0,0.0,-278.63168,-22.782267,46.75738,-292.38632,156.08826,-1074.2169,4794.4208984375
15,2020,8,-525.8262,0.0,0.0,-268.40344,-32.93185,94.87504,-234.74353,223.8673,-1270.955,6178.8095703125
17,2020,8,-4324.2563,0.0,0.0,-181.16823,-0.9431034,89.631485,-233.65247,126.518745,-1021.3244,3263.94140625
18,2020,8,6109.423,0.0,0.0,-689.404,-72.51499,160.23895,-235.39726,415.34866,-1409.3856,13073.837890625
19,2020,8,8156.092,0.0,0.0,-161.7683,108.654625,236.64046,-467.91064,249.49461,-2103.6665,15136.8515625
20,2020,8,-1394.763,0.0,0.0,-179.019,16.489153,84.27439,-214.01357,197.68378,-1105.8865,6008.80224609375
21,2020,8,-4745.629,0.0,0.0,-123.72815,13.187283,92.90162,-200.32552,128.10675,-961.694,2648.65234375
22,2020,8,-2377.6062,0.0,0.0,-222.8785,9.870172,50.454483,-288.35425,182.12535,-1100.1934,4786.3212890625
23,2020,8,-3841.3613,0.0,0.0,-383.4129,-70.35213,12.802965,-344.9628,122.53504,-1050.3788,1599.7028121948242
24,2020,8,-506.41083,0.0,0.0,-223.51143,3.1023192,68.156654,-250.83447,133.32893,-1003.0051,6878.962890625
25,2020,8,23331.127,0.0,0.0,-326.43823,137.8568,570.31226,-660.97253,428.79614,-2676.3433,29360.314453125
26,2020,8,-4710.683,0.0,0.0,-127.06095,14.255606,90.90026,-186.15561,128.02261,-962.34814,2749.043212890625
27,2020,8,27601.582,0.0,0.0,1208.7971,239.30966,867.31476,-333.31204,851.76276,-4376.565,34258.15625
30,2020,8,-4997.654,0.0,0.0,-227.23528,-9.175229,67.07442,-264.9681,119.43662,-1048.9994,1219.148678779602
31,2020,8,-1641.5494,0.0,0.0,-174.303,14.2566805,83.11399,-225.8805,195.45186,-1120.8152,5373.283203125
32,2020,8,-5061.4106,0.0,0.0,-91.151306,18.03767,98.24361,-184.66887,124.28409,-913.11487,2329.4365234375
33,2020,8,-783.4005,0.0,0.0,-212.30298,-3.6056156,113.67322,-231.65211,241.9806,-1167.2585,6645.6201171875
34,2020,8,-5977.38,0.0,0.0,37.915394,2.4722176,71.16207,-152.65482,163.95168,-882.9864,1605.2275390625
35,2020,8,-5515.7036,0.0,0.0,46.363483,-2.3311508,75.23955,-166.78261,211.22058,-913.8943,2101.91015625
36,2020,8,-4021.379,0.0,0.0,-211.81056,12.699759,100.186134,-219.66245,132.07773,-1013.65857,3480.7548828125
37,2020,8,-3985.4846,0.0,0.0,-211.337,13.519687,101.81808,-206.50768,132.66078,-1018.7536,3452.55810546875
38,2020,8,-3573.4844,0.0,0.0,-268.25613,11.9870405,99.50271,-235.87538,136.85794,-1034.0669,4071.10009765625
39,2020,8,-5613.7783,0.0,0.0,-265.48694,-13.811808,49.733124,-265.41162,104.0441,-1036.4916,713.7001042366028
40,2020,8,-1892.5985,0.0,0.0,-180.4018,19.509563,75.268326,-229.17885,197.03934,-1159.1997,5198.3388671875
14,2020,9,-2795.2935,0.0,0.0,173.8836,21.01561,-141.48224,107.051445,87.46005,457.22546,6279.662109375
15,2020,9,-587.0686,0.0,0.0,104.772804,33.561966,-182.3565,29.461935,98.53078,370.71918,7958.8779296875
17,2020,9,-4867.037,0.0,0.0,117.697525,3.4054275,-149.8504,65.788086,69.859764,448.31873,4223.51904296875
18,2020,9,7402.9634,0.0,0.0,301.216,40.287056,-312.73413,96.34451,123.95128,849.10834,16931.49609375
19,2020,9,9789.7,0.0,0.0,399.43964,-8.611506,-321.40945,451.86832,-162.33037,1202.6481,19243.431640625
20,2020,9,-1620.2496,0.0,0.0,151.28629,4.344073,-149.64261,96.01179,100.48198,518.9035,7715.4794921875
21,2020,9,-5469.227,0.0,0.0,103.192444,2.3849697,-156.72017,44.536552,67.66558,470.19522,3577.91552734375
22,2020,9,-2498.3083,0.0,0.0,152.99951,3.7251673,-141.11203,94.9639,93.24027,480.27203,6470.6845703125
23,2020,9,-3824.7725,0.0,0.0,154.59843,21.02982,-136.78447,90.82119,74.453384,458.07175,5339.65380859375
24,2020,9,-669.1882,0.0,0.0,209.44872,2.826701,-158.0493,118.91591,75.79211,595.06024,8482.642578125
25,2020,9,27026.924,0.0,0.0,-722.78503,-21.238306,-649.80853,141.15744,291.16428,2321.2905,37059.45703125
26,2020,9,-5461.5146,0.0,0.0,100.1041,1.2393627,-155.63239,33.99539,67.23144,468.18265,3452.27880859375
27,2020,9,29845.785,0.0,0.0,-657.8642,163.98949,-990.2086,-554.68945,772.8072,2108.0188,38786.375
30,2020,9,-5443.9536,0.0,0.0,114.72982,5.222344,-152.18327,62.22306,63.417244,437.51663,3687.9769287109375
31,2020,9,-1895.6891,0.0,0.0,140.17317,2.2343345,-144.4008,66.391624,98.76799,505.20212,7073.4853515625
32,2020,9,-5985.9927,0.0,0.0,77.035194,-0.32505873,-158.64764,30.267143,63.247375,424.67838,3004.27587890625
33,2020,9,-939.7793,0.0,0.0,150.4376,28.177814,-157.23248,60.242092,110.92203,454.81116,8366.376953125
34,2020,9,-7056.463,0.0,0.0,108.11658,13.769195,-83.56506,27.582743,191.75787,273.70795,1978.083984375
35,2020,9,-6517.48,0.0,0.0,87.775764,11.066812,-81.328026,49.211777,272.71832,251.32808,2682.20703125
36,2020,9,-4547.2505,0.0,0.0,118.03471,1.8028116,-147.70116,62.98177,74.35141,476.41394,4579.82763671875
37,2020,9,-4523.172,0.0,0.0,117.265656,1.6395875,-145.08784,60.116283,73.53585,470.9438,4415.0380859375
38,2020,9,-3968.4016,0.0,0.0,144.9642,4.9108496,-143.81717,67.02276,80.242134,467.42828,5277.5859375
39,2020,9,-6016.281,0.0,0.0,116.29756,6.877112,-149.83028,59.5494,60.556183,439.53415,3018.6737060546875
40,2020,9,-2130.3325,0.0,0.0,134.81032,-2.0119467,-151.28476,75.76027,98.15852,468.4608,6789.2080078125
14,2020,10,-3172.805,0.0,0.0,323.16437,19.876476,140.30817,-197.33453,84.10363,1418.2432,7176.017578125
15,2020,10,-671.82715,0.0,0.0,295.88464,44.42464,134.91742,-342.16824,90.98543,1593.0685,9774.466796875
17,2020,10,-5312.841,0.0,0.0,247.65723,2.672273,121.874016,-162.00395,52.74751,1249.3737,4646.5419921875
18,2020,10,7265.939,0.0,0.0,534.56726,57.384224,126.30056,-548.5624,147.64693,2013.0304,17944.9609375
19,2020,10,10175.478,0.0,0.0,655.51294,-44.128956,98.288246,-110.18426,128.07521,2701.7,21562.71484375
20,2020,10,-2006.3561,0.0,0.0,277.21027,1.4388262,125.873245,-194.49821,92.46607,1494.2648,8266.451171875
21,2020,10,-5922.9927,0.0,0.0,224.95822,2.2788296,127.31612,-159.80275,51.86967,1240.376,4076.623046875
22,2020,10,-2862.2517,0.0,0.0,296.71255,1.3770989,136.9768,-189.5606,89.88385,1448.0022,7428.478515625
23,2020,10,-4247.7065,0.0,0.0,327.6771,19.267544,137.27927,-202.5627,53.862396,1319.1925,5847.12109375
24,2020,10,-1170.0637,0.0,0.0,302.0099,2.7205603,129.79666,-192.1237,59.085594,1430.5461,8990.017578125
25,2020,10,28641.344,0.0,0.0,432.3556,68.53625,376.3918,-1108.0719,159.53586,3888.7566,40609.7421875
26,2020,10,-5901.937,0.0,0.0,221.90724,1.303656,126.26259,-155.10577,51.78553,1239.4843,4124.443359375
27,2020,10,34794.176,0.0,0.0,414.39017,327.21463,114.353424,-255.6338,429.9484,6695.0317,50950.75
30,2020,10,-5899.6724,0.0,0.0,240.10089,4.489188,124.54567,-164.50917,46.305,1225.2206,3841.3134765625
31,2020,10,-2279.9507,0.0,0.0,266.42325,-2.0791283,122.21462,-208.3193,90.752075,1475.8635,7806.1015625
32,2020,10,-6456.127,0.0,0.0,190.78076,-1.147246,121.50887,-169.65373,42.121685,1185.276,3373.5546875
33,2020,10,-1244.4008,0.0,0.0,265.11664,38.33303,122.443634,-249.99794,92.72906,1542.3145,8952.08984375
34,2020,10,-7676.4907,0.0,0.0,114.850174,3.86722,119.07762,-160.66084,77.044304,1117.2402,2002.8408203125
35,2020,10,-7176.3237,0.0,0.0,122.11189,9.192087,123.29453,-188.34377,132.56088,1116.2216,2816.9052734375
36,2020,10,-4949.7207,0.0,0.0,278.31903,1.0911019,124.232056,-154.82837,57.75526,1285.695,5135.1337890625
37,2020,10,-4919.268,0.0,0.0,280.0406,0.9215769,125.69701,-157.1699,60.82341,1286.0459,5122.3056640625
38,2020,10,-4386.0356,0.0,0.0,311.82898,2.4339333,124.4659,-184.56798,63.327953,1307.4252,5709.9189453125
39,2020,10,-6518.863,0.0,0.0,242.85545,5.571181,120.76165,-161.20384,33.68814,1188.1708,3246.53125
40,2020,10,-2420.5347,0.0,0.0,277.0488,-1.4075887,128.15321,-221.75172,91.147835,1530.8259,7771.228515625
14,2020,11,-3174.4622,0.0,0.0,537.83545,-26.742775,186.65012,360.28647,-24.563616,1879.2549,8272.033203125
15,2020,11,-396.50793,0.0,0.0,573.0084,-3.8921275,182.85234,356.29953,-42.81722,2280.5513,11484.9453125
17,2020,11,-5547.1333,0.0,0.0,404.10712,-45.000885,167.10307,243.0028,-31.65,1653.7598,5321.1328125
18,2020,11,7777.161,0.0,0.0,825.69293,0.35842416,232.81224,420.51416,-24.314001,2896.9531,20509.46875
19,2020,11,10916.13,0.0,0.0,906.17004,-62.60755,166.23932,738.2189,39.136124,3603.8647,24716.8515625
20,2020,11,-2082.9385,0.0,0.0,480.1482,-49.227104,171.71642,317.0089,-23.48023,1974.6316,9177.609375
21,2020,11,-6246.258,0.0,0.0,376.64798,-45.394325,173.16138,233.93231,-35.338085,1571.0352,4414.9111328125
22,2020,11,-2888.3738,0.0,0.0,517.00165,-45.27806,183.02007,348.90576,-26.449965,1926.3876,8411.517578125
23,2020,11,-4360.0225,0.0,0.0,473.10342,-27.94797,187.61961,300.92038,-15.14309,1738.6351,6935.3310546875
24,2020,11,-1240.8892,0.0,0.0,463.09436,-44.95259,176.8801,331.9697,-22.926035,1907.9603,10205.4140625
25,2020,11,30813.11,0.0,0.0,1483.3966,-202.03067,598.9608,1028.6198,90.05011,5848.9746,48478.265625
26,2020,11,-6234.727,0.0,0.0,373.06378,-45.993706,172.10399,230.27171,-35.584183,1571.9857,4490.95703125
27,2020,11,34786.81,0.0,0.0,841.3098,-224.89212,1127.1244,809.8388,-79.29861,9589.446,55111.8125
30,2020,11,-6150.874,0.0,0.0,390.18466,-43.18396,168.83678,240.023,-38.092518,1620.4069,4492.099609375
31,2020,11,-2336.197,0.0,0.0,479.02563,-48.734283,165.67172,312.326,-25.229475,1962.5859,8774.943359375
32,2020,11,-6767.8755,0.0,0.0,349.6393,-45.30404,165.56398,228.48544,-34.623535,1516.654,3828.869140625
33,2020,11,-1237.5522,0.0,0.0,509.629,-5.8755755,168.23824,318.78976,-21.528395,2052.9763,9991.75
34,2020,11,-8110.768,0.0,0.0,198.44102,-39.300217,142.54816,200.90872,6.7123833,1454.7043,2195.20703125
35,2020,11,-7337.7593,0.0,0.0,254.06729,-39.853165,146.97272,283.49484,35.996082,1581.1979,3420.658203125
36,2020,11,-5200.0513,0.0,0.0,428.07803,-46.58206,169.7451,248.2355,-33.224346,1684.6992,5676.978515625
37,2020,11,-5157.4204,0.0,0.0,428.43945,-46.75305,173.10896,245.50082,-29.004559,1697.6516,5776.9140625
38,2020,11,-4583.8037,0.0,0.0,447.85995,-44.06694,172.39977,267.60098,-27.521784,1724.0281,6286.3125
39,2020,11,-6749.9653,0.0,0.0,395.6875,-43.32618,164.95071,237.436,-36.532555,1596.5685,3876.55615234375
40,2020,11,-2429.3098,0.0,0.0,494.85144,-46.30825,174.79324,328.36984,-24.982723,2025.2806,8993.0625
14,2020,12,-3244.5625,0.0,0.0,604.5432,22.199995,205.9405,491.142,35.92372,1893.5469,8568.34765625
15,2020,12,-405.5384,0.0,0.0,657.7293,51.619553,206.18825,484.392,63.944424,2328.5347,11838.3515625
16,2020,12,-8773.952,0.0,0.0,299.46463,-19.494654,192.26707,269.68115,5.877878,1432.8335,1418.43505859375
17,2020,12,-5612.911,0.0,0.0,476.12256,4.343256,188.19275,369.08798,32.61538,1667.0841,5664.45703125
18,2020,12,7838.805,0.0,0.0,926.81274,124.21261,284.62552,549.557,84.94357,2926.6438,21365.34375
19,2020,12,10950.134,0.0,0.0,970.9013,-16.850086,193.5158,949.87384,121.91427,3635.3613,25567.6171875
20,2020,12,-2123.45,0.0,0.0,572.08453,3.72642,192.67073,448.66187,40.347977,1993.246,9730.03125
21,2020,12,-6326.8,0.0,0.0,452.73074,4.494777,193.93652,347.01187,26.695116,1581.8828,4616.44140625
22,2020,12,-2972.9946,0.0,0.0,589.67993,3.6646938,202.4278,462.12408,34.03738,1940.6794,8576.77734375
23,2020,12,-4432.414,0.0,0.0,540.57166,20.994787,207.30081,425.39014,45.344254,1755.7167,7201.17578125
24,2020,12,-1262.0402,0.0,0.0,533.04675,4.3915424,197.65526,513.28687,35.359985,1913.8038,10743.203125
25,2020,12,31261.318,0.0,0.0,1813.5106,180.53558,716.14496,1176.9713,146.54851,5813.75,49386.921875
26,2020,12,-6340.503,0.0,0.0,449.14664,2.7974608,192.87912,318.43936,26.260975,1582.8333,4648.501953125
27,2020,12,35687.5,0.0,0.0,1296.9858,362.69034,1324.4496,1009.3292,81.23988,9598.919,57987.25
30,2020,12,-6216.6553,0.0,0.0,467.10178,6.1601725,189.77641,362.89224,24.223938,1633.7312,4725.3349609375
31,2020,12,-2388.3018,0.0,0.0,559.9117,0.2084669,185.9608,447.32428,38.59874,1978.4308,9146.4296875
32,2020,12,-6867.0938,0.0,0.0,422.32495,0.71093357,190.20212,321.234,31.380339,1526.4913,3969.400390625
33,2020,12,-1294.8077,0.0,0.0,591.03485,41.517914,189.01021,445.8486,47.150894,2068.202,10341.33984375
34,2020,12,-8215.496,0.0,0.0,259.51462,-24.795305,180.05367,328.10767,67.546005,1467.9962,2429.69140625
35,2020,12,-7436.9766,0.0,0.0,298.9868,-25.953857,181.3295,437.45554,84.72578,1594.4089,3803.685546875
36,2020,12,-5309.38,0.0,0.0,502.47742,2.042124,190.8302,335.3411,27.467257,1695.7976,5774.50390625
37,2020,12,-5238.5557,0.0,0.0,502.83884,1.8711292,193.26077,360.6836,28.894018,1711.6595,6049.767578125
38,2020,12,-4674.6064,0.0,0.0,522.33044,4.5572367,192.40114,370.98627,32.50688,1739.3275,6527.435546875
39,2020,12,-6858.5107,0.0,0.0,467.09634,5.2979975,185.9718,322.4439,25.783901,1609.8928,4033.9150390625
40,2020,12,-2472.624,0.0,0.0,579.70795,3.1935365,195.56525,468.77515,38.845486,2048.257,9375.15625
14,2021,1,-3098.074,0.0,0.0,594.44885,-14.584186,180.77983,354.33075,32.878654,1848.0669,8303.37890625
15,2021,1,-156.36896,0.0,0.0,672.73535,6.3241477,234.70413,385.75507,62.989307,2287.7217,11929.5546875
16,2021,1,-8525.922,0.0,0.0,297.54678,-18.614382,214.65854,156.23958,22.61084,1382.8792,1827.103515625
17,2021,1,-5490.2954,0.0,0.0,382.5647,-22.677145,188.26405,253.22304,31.728474,1621.0675,5571.419921875
18,2021,1,8112.3545,0.0,0.0,933.74695,23.49361,340.7289,523.6673,50.710983,2921.7053,21547.3046875
19,2021,1,11283.042,0.0,0.0,1135.4054,-26.207695,280.5375,752.5465,72.80889,3594.9941,25922.65625
20,2021,1,-1937.1621,0.0,0.0,529.14636,-35.360077,202.66257,366.09042,37.57163,1949.0806,9718.609375
21,2021,1,-6130.4814,0.0,0.0,452.2729,-41.07496,183.14183,246.10896,27.430258,1538.3269,4663.861328125
22,2021,1,-2797.2156,0.0,0.0,578.51355,-30.025234,181.93268,352.12015,30.798452,1895.1996,8743.34375
23,2021,1,-4309.06,0.0,0.0,518.8346,-15.789386,178.18939,290.92908,30.481289,1705.9858,6892.876953125
24,2021,1,-1044.8488,0.0,0.0,555.80597,-13.43417,237.13124,331.27954,35.503807,1873.6554,10672.0
25,2021,1,31081.666,0.0,0.0,1434.6677,-147.60739,441.98285,1203.953,365.36017,5729.768,48706.3125
26,2021,1,-6126.1694,0.0,0.0,442.40405,-42.139145,184.26399,241.46098,27.758387,1539.2648,4664.345703125
27,2021,1,32598.002,0.0,0.0,247.75024,-641.93115,159.04384,734.23834,-83.30683,8692.013,50114.0
30,2021,1,-6098.4204,0.0,0.0,390.72632,-25.394575,153.18185,249.98337,40.59342,1587.7147,4486.33984375
31,2021,1,-2231.5703,0.0,0.0,535.4313,-33.48146,171.47182,335.69724,35.323833,1933.821,9007.21875
32,2021,1,-6653.6167,0.0,0.0,419.44836,-37.867676,180.80894,235.81644,33.4218,1482.389,4000.025390625
33,2021,1,-1057.799,0.0,0.0,587.5539,4.2712965,197.32188,368.01547,48.123623,2041.1368,10501.7578125
34,2021,1,-8056.944,0.0,0.0,223.27664,-18.30205,177.78484,168.95326,60.723503,1416.5234,2295.91796875
35,2021,1,-7266.129,0.0,0.0,348.97318,-11.109724,181.73866,200.74982,73.20939,1542.8181,3570.47265625
36,2021,1,-5093.4165,0.0,0.0,507.53885,-38.672318,162.18555,259.84415,30.230318,1652.2164,5945.8046875
37,2021,1,-5062.7734,0.0,0.0,504.46634,-38.843315,160.35338,256.92215,27.943512,1663.9274,5906.4296875
38,2021,1,-4511.6387,0.0,0.0,499.1427,-36.157204,161.73555,276.99777,30.415865,1691.3536,6489.1875
39,2021,1,-6713.3604,0.0,0.0,400.4603,-47.148735,148.94911,245.14745,43.356117,1566.155,3858.349609375
40,2021,1,-2284.6926,0.0,0.0,564.2711,-27.780008,205.32584,345.3956,36.069138,1993.6365,9199.7265625
14,2021,2,-3118.6074,0.0,0.0,486.21222,-34.775307,169.26456,276.60788,-119.92467,1508.4005,7622.79296875
15,2021,2,-533.65393,0.0,0.0,526.99866,-17.49198,161.04837,250.05055,-164.89775,1738.5643,10717.5703125
16,2021,2,-8293.91,0.0,0.0,255.5952,-40.105804,163.97903,135.71236,-24.535427,1151.7842,1716.1904296875
17,2021,2,-5407.1963,0.0,0.0,351.2448,-56.526237,150.86002,181.38245,-91.18948,1333.9227,4902.5390625
18,2021,2,7455.218,0.0,0.0,747.6218,-12.316201,186.34352,310.94308,-275.51428,2297.45,19179.546875
19,2021,2,10475.183,0.0,0.0,868.96936,-69.241005,142.48763,664.388,-127.42189,2797.855,23165.75
20,2021,2,-2062.0725,0.0,0.0,426.55682,-57.28926,154.16017,231.806,-133.0646,1580.7191,8566.984375
21,2021,2,-6013.7495,0.0,0.0,327.2703,-56.919678,157.03032,180.18332,-83.39551,1328.6545,4334.2265625
22,2021,2,-2841.3977,0.0,0.0,467.18573,-53.38118,165.79106,269.88223,-122.83568,1542.156,8051.3828125
23,2021,2,-4266.787,0.0,0.0,421.107,-35.980503,170.33295,223.03487,-109.25542,1403.912,6372.7890625
24,2021,2,-1165.9286,0.0,0.0,409.64432,-56.477943,160.63704,269.01068,-113.90332,1542.9607,9491.734375
25,2021,2,29486.168,0.0,0.0,1117.4563,-271.15936,277.79987,631.5153,-680.47107,4802.2983,42976.21875
26,2021,2,-6001.6465,0.0,0.0,323.68613,-57.848137,155.97293,176.74298,-83.067375,1329.605,4318.32421875
27,2021,2,34713.06,0.0,0.0,837.4516,-240.43382,988.0138,834.6354,-270.90683,9312.387,54958.5
30,2021,2,-5986.428,0.0,0.0,337.3224,-54.70932,153.02101,178.26476,-82.32454,1309.7694,4182.59375
31,2021,2,-2309.5427,0.0,0.0,426.2549,-56.83741,148.44272,227.75595,-129.86795,1570.0038,8062.9296875
32,2021,2,-6530.1167,0.0,0.0,301.12546,-56.4032,151.6618,174.0121,-81.53267,1278.237,3574.076171875
33,2021,2,-1258.9695,0.0,0.0,456.6692,-21.422022,149.6994,225.79424,-159.5963,1642.6436,9309.7421875
34,2021,2,-7884.201,0.0,0.0,176.85109,-42.643288,138.32501,122.648026,-54.80433,1210.1204,2083.9765625
35,2021,2,-7300.6675,0.0,0.0,250.66917,-43.26729,133.56447,219.04288,-81.21864,1202.8774,3143.328125
36,2021,2,-5052.614,0.0,0.0,376.8824,-53.689354,153.83101,188.20383,-94.97747,1367.3984,5426.71484375
37,2021,2,-5031.96,0.0,0.0,375.09113,-53.86035,155.93353,185.4556,-100.1328,1367.7494,5313.30078125
38,2021,2,-4471.3086,0.0,0.0,397.87024,-52.099472,155.22432,197.04602,-108.18992,1390.393,5996.60546875
39,2021,2,-6596.448,0.0,0.0,342.5544,-57.095917,150.3351,175.02124,-78.19689,1272.437,3538.2265625
40,2021,2,-2411.6587,0.0,0.0,441.14197,-50.05439,156.57756,239.77063,-130.90158,1621.0049,8323.375
14,2021,3,-2655.298,0.0,0.0,78.90671,-50.466755,147.36139,16.508492,-27.341892,901.52655,6986.0234375
15,2021,3,-252.15237,0.0,0.0,118.89294,-41.558563,146.9952,-27.322485,-66.63486,930.5044,9305.375
16,2021,3,-7661.565,0.0,0.0,-30.190277,-49.793594,149.20175,-106.91025,76.235825,616.18036,1635.1005859375
17,2021,3,-4787.397,0.0,0.0,29.123104,-67.89915,123.93975,-68.5117,-0.35574758,804.3285,4496.0
18,2021,3,7646.2515,0.0,0.0,460.31958,-40.042763,183.04843,-96.84336,-132.89877,1419.3578,17743.625
19,2021,3,10220.642,0.0,0.0,425.77414,-88.517815,102.16975,314.7276,-99.46174,1613.3915,20703.40625
20,2021,3,-1498.2203,0.0,0.0,42.23336,-69.13254,131.8688,33.566208,-39.838547,987.75995,8093.328125
21,2021,3,-5378.4097,0.0,0.0,5.5713253,-68.919586,127.421265,-80.5819,7.608102,825.90063,3864.078125
22,2021,3,-2350.5168,0.0,0.0,61.773624,-69.23526,142.27428,17.677574,-30.252934,949.78864,7124.0546875
23,2021,3,-3666.6143,0.0,0.0,97.2665,-51.769997,141.2896,-36.92617,-13.403265,877.612,5788.8125
24,2021,3,-665.7295,0.0,0.0,79.72891,-68.47786,132.94073,-44.940258,-17.981215,962.95764,8839.8515625
25,2021,3,28223.014,0.0,0.0,-260.57596,-427.4632,253.14528,29.252232,-274.36575,3659.6523,39712.78125
26,2021,3,-5365.3735,0.0,0.0,1.987148,-69.84806,126.363846,-82.670135,7.936232,825.04004,3914.69921875
27,2021,3,27624.139,0.0,0.0,-3093.1655,-947.1196,-357.55786,-1152.7504,-552.6888,5505.604,35261.0
30,2021,3,-5346.7485,0.0,0.0,20.102272,-66.08223,126.60433,-70.80963,10.620007,792.585,3905.287109375
31,2021,3,-1769.1849,0.0,0.0,31.20757,-72.69148,125.21047,17.555012,-36.64187,973.251,7614.3359375
32,2021,3,-5884.648,0.0,0.0,-25.220087,-67.8166,120.27475,-83.02152,15.495515,776.66626,3314.64453125
33,2021,3,-787.7526,0.0,0.0,83.330635,-44.860115,134.34645,12.816067,-68.50469,958.66656,8770.7734375
34,2021,3,-7405.808,0.0,0.0,61.125134,-43.08857,159.54485,-91.55857,-229.52489,608.3404,2070.96875
35,2021,3,-7431.4966,0.0,0.0,-89.31405,-55.856148,100.7143,-147.08472,-530.9484,589.4192,279.578125
36,2021,3,-4430.4478,0.0,0.0,57.567196,-69.48808,126.24064,-62.386185,-0.6341309,844.58093,4948.26953125
37,2021,3,-4409.4707,0.0,0.0,55.858353,-69.64984,128.54161,-64.91504,-5.789466,845.03687,4941.16015625
38,2021,3,-3834.414,0.0,0.0,78.35209,-67.88896,127.31047,-35.4812,-15.221483,866.91595,5661.46875
39,2021,3,-5938.118,0.0,0.0,21.323019,-67.896034,123.918495,-72.34871,12.636848,778.84784,3270.990234375
40,2021,3,-1938.8468,0.0,0.0,58.66857,-67.52741,135.10037,11.326454,-36.07496,972.50037,7501.0
14,2021,4,-1876.1002,0.0,0.0,15.076731,-1.6011837,-110.74283,408.576,-85.092964,-1314.291,5485.5
15,2021,4,244.60521,0.0,0.0,44.203262,9.941369,-108.094505,429.5977,-133.17297,-1574.8118,7248.09375
16,2021,4,-6391.3115,0.0,0.0,-147.57732,-31.881197,-104.12161,250.88829,-8.2122555,-1049.2507,1338.880859375
17,2021,4,-3798.7786,0.0,0.0,-38.64222,-18.969799,-111.925255,331.28207,-55.88647,-1228.1705,3600.51171875
18,2021,4,7582.9717,0.0,0.0,302.0473,53.267525,-154.91977,660.6555,-225.53926,-1965.3097,14238.875
19,2021,4,9395.923,0.0,0.0,373.9629,-39.287094,-123.15787,786.4003,-107.05796,-2380.3281,16353.703125
20,2021,4,-849.3825,0.0,0.0,-30.779247,-20.461979,-120.13866,440.23676,-98.106186,-1358.03,6515.640625
21,2021,4,-4359.443,0.0,0.0,-61.584106,-19.91052,-106.018295,315.09723,-49.26972,-1178.1691,2991.65234375
22,2021,4,-1668.5608,0.0,0.0,-11.738473,-19.979527,-112.03678,404.56696,-88.00399,-1358.1647,5376.71875
23,2021,4,-2796.5435,0.0,0.0,24.230042,-2.514242,-105.91289,357.07596,-69.842094,-1261.5676,4472.078125
24,2021,4,182.80559,0.0,0.0,12.249152,-20.007473,-103.03264,379.2649,-70.50864,-1245.6377,7452.2109375
25,2021,4,25294.434,0.0,0.0,-148.96521,-173.45694,68.762146,1846.9824,-112.51885,-3993.3635,32578.40625
26,2021,4,-4346.651,0.0,0.0,-65.16826,-21.044453,-107.073494,312.6392,-48.690865,-1178.9327,3037.02734375
27,2021,4,14938.525,0.0,0.0,-7471.684,-584.1174,-1988.9237,-979.07416,-931.72565,-8885.857,1582.25
30,2021,4,-4357.867,0.0,0.0,-44.687145,-17.152882,-106.42445,332.4466,-47.021526,-1240.8147,3217.3125
31,2021,4,-1113.9564,0.0,0.0,-41.80506,-24.020908,-116.314026,420.13284,-95.710045,-1371.7483,6154.6640625
32,2021,4,-4769.809,0.0,0.0,-88.094086,-22.518307,-106.20906,307.0761,-47.852127,-1125.892,2530.9296875
33,2021,4,-228.1737,0.0,0.0,-15.34032,3.1909606,-118.93632,422.82074,-132.95778,-1455.1094,6885.875
34,2021,4,-5955.4326,0.0,0.0,-119.05924,-39.026108,-132.45984,258.4245,-37.11699,-1091.0538,1675.275390625
35,2021,4,-5675.4146,0.0,0.0,-200.74002,-42.765564,-130.38869,230.20834,-93.254715,-1142.7177,658.99609375
36,2021,4,-3486.3936,0.0,0.0,-11.833044,-20.732962,-110.79519,330.558,-56.150894,-1228.1705,3904.70703125
37,2021,4,-3473.47,0.0,0.0,-13.774638,-20.896187,-113.4453,327.80978,-61.246758,-1232.3778,3784.265625
38,2021,4,-2941.6055,0.0,0.0,11.934573,-18.633217,-111.89959,347.20523,-69.71982,-1248.001,4417.265625
39,2021,4,-4902.1396,0.0,0.0,-40.739285,-12.131548,-112.18285,326.692,-37.86149,-1215.0947,2632.92578125
40,2021,4,-1334.7911,0.0,0.0,-24.76636,-24.632948,-116.84188,421.2582,-97.8044,-1408.0803,5757.5234375
14,2021,5,-2159.605,0.0,0.0,-89.92337,25.233013,-73.62435,-453.2665,-53.974194,-1991.2645,3711.9765625
15,2021,5,-217.65843,0.0,0.0,-148.02336,-45.23245,-97.532524,-366.28775,-58.610435,-2293.0623,5191.234375
16,2021,5,-5747.611,0.0,0.0,38.054092,-7.439321,-92.35595,-233.43394,-63.193966,-1480.8358,904.9482421875
17,2021,5,-3594.9854,0.0,0.0,-99.485565,-3.9311943,-99.84678,-318.9849,-33.30702,-1735.0726,2578.953125
18,2021,5,5664.9775,0.0,0.0,-295.53693,-113.08941,-124.57786,-329.4744,-136.59685,-3202.2917,9820.546875
19,2021,5,7719.3623,0.0,0.0,-224.61638,-28.655859,-121.8082,-653.0102,-53.86077,-3467.4128,11336.6875
20,2021,5,-1140.9194,0.0,0.0,-86.18663,-5.109151,-99.97091,-356.48245,-64.46742,-2152.3281,4553.765625
21,2021,5,-4181.3696,0.0,0.0,-109.84723,-4.922165,-93.459236,-316.69376,-36.028427,-1730.3491,1928.671875
22,2021,5,-1946.7637,0.0,0.0,-114.29701,-5.6313877,-90.83751,-417.3107,-63.33063,-2046.6815,3643.8359375
23,2021,5,-2823.689,0.0,0.0,-96.47412,12.991942,-75.70993,-380.3465,-39.74868,-1839.5608,3195.5703125
24,2021,5,-146.78493,0.0,0.0,-148.2456,-4.9688735,-90.6058,-342.47736,-36.717293,-2098.463,5557.859375
25,2021,5,21466.27,0.0,0.0,-91.07552,0.34393024,-149.36455,-1190.0569,16.875586,-5439.387,23453.59375
26,2021,5,-4154.231,0.0,0.0,-111.87783,-3.9513288,-94.46586,-309.4987,-35.91624,-1731.0033,2112.37890625
27,2021,5,20726.795,0.0,0.0,-941.16907,48.572094,-1354.8099,-1115.9382,-631.06586,-8596.7,15880.9375
30,2021,5,-4036.9912,0.0,0.0,-95.47092,-2.1142788,-93.20774,-317.31387,-24.442083,-1646.1367,2478.9609375
31,2021,5,-1336.0074,0.0,0.0,-87.652084,-0.5345358,-94.17566,-363.6493,-64.441795,-2116.1455,4538.5234375
32,2021,5,-4510.143,0.0,0.0,-97.35669,-4.4581723,-93.601425,-306.43124,-31.331608,-1658.5856,1798.28125
33,2021,5,-588.03296,0.0,0.0,-131.81476,-52.951694,-109.8737,-362.14203,-66.55535,-2178.546,5054.8359375
34,2021,5,-5306.4233,0.0,0.0,33.998127,-0.20982097,-105.28506,-267.12796,-41.432106,-1519.5364,1275.19140625
35,2021,5,-4892.74,0.0,0.0,19.209116,1.5529767,-105.87918,-282.44675,-15.528055,-1555.3514,1694.890625
36,2021,5,-3409.2517,0.0,0.0,-115.899506,-5.6943555,-98.67848,-333.08017,-38.649597,-1805.0066,2491.2578125
37,2021,5,-3390.2505,0.0,0.0,-114.83174,-5.8561096,-100.0696,-335.88968,-39.25357,-1810.4769,2717.6171875
38,2021,5,-2932.1165,0.0,0.0,-104.93361,-3.8416731,-97.809685,-357.3538,-42.470825,-1846.2771,2950.296875
39,2021,5,-4567.22,0.0,0.0,-95.79934,2.9070537,-99.22981,-320.27847,-18.157648,-1603.5575,1922.8984375
40,2021,5,-1614.0638,0.0,0.0,-102.05802,-12.333581,-97.67604,-372.16855,-65.00722,-2166.7612,3885.375
14,2021,6,-2113.1123,0.0,0.0,-277.65366,11.19342,-66.70365,-771.0108,-54.413143,-2254.451,2859.8671875
15,2021,6,-285.42258,0.0,0.0,-333.59018,-54.435585,-111.26102,-812.34393,-67.513,-2585.4927,4026.015625
16,2021,6,-5488.276,0.0,0.0,-8.244808,-8.3604145,-81.450905,-493.58685,-72.795105,-1696.6254,575.517578125
17,2021,6,-3473.9883,0.0,0.0,-167.1444,-2.7716024,-91.69703,-674.1233,-36.89659,-1981.6113,1992.08203125
18,2021,6,4991.962,0.0,0.0,-853.96356,-122.95352,-168.79004,-987.6928,-181.44135,-3597.3416,7553.71875
19,2021,6,6412.962,0.0,0.0,-44.207138,36.519924,-110.97826,-1839.725,7.681007,-4401.348,8846.75
20,2021,6,-1227.6459,0.0,0.0,-251.75308,-10.519609,-97.551155,-833.26416,-64.862434,-2457.3801,3443.546875
21,2021,6,-3997.9546,0.0,0.0,-167.63025,-3.7625716,-95.39611,-621.0692,-39.092117,-1959.9008,1456.05859375
22,2021,6,-1902.5067,0.0,0.0,-277.6953,-10.378596,-84.13319,-768.6424,-62.744877,-2331.0413,2937.7421875
23,2021,6,-2838.758,0.0,0.0,-288.21613,1.4144921,-68.78924,-724.2772,-39.811047,-2084.9978,2417.046875
24,2021,6,-227.81412,0.0,0.0,-245.74623,-3.8092802,-98.34656,-839.4877,-38.91446,-2356.3474,4425.5625
25,2021,6,18728.734,0.0,0.0,-13.796525,82.22126,-465.44376,-1859.4286,-364.59464,-7730.3867,16689.71875
26,2021,6,-3958.5935,0.0,0.0,-170.79233,-2.034499,-93.1106,-611.056,-38.97993,-1953.6726,1635.4453125
27,2021,6,23155.137,0.0,0.0,963.9952,255.06956,-761.99506,-935.37445,-310.50546,-8745.905,22404.3125
30,2021,6,-3890.5037,0.0,0.0,-162.73047,-0.9546865,-91.13656,-640.7243,-27.28539,-1889.0756,1910.57421875
31,2021,6,-1329.3136,0.0,0.0,-241.99141,-5.476952,-91.755905,-775.71094,-63.856,-2404.1738,3662.9140625
32,2021,6,-4284.54,0.0,0.0,-141.18243,-1.0727578,-90.530136,-600.405,-33.6662,-1880.8652,1433.90234375
33,2021,6,-621.547,0.0,0.0,-281.58963,-59.851254,-113.31812,-808.5185,-75.45394,-2468.817,4106.265625
34,2021,6,-5031.8193,0.0,0.0,-31.989187,-1.4038084,-93.40892,-533.96387,-42.68286,-1711.195,954.5390625
35,2021,6,-4621.185,0.0,0.0,-47.803665,0.6729693,-95.15837,-546.9478,-8.369373,-1754.2802,1239.46484375
36,2021,6,-3334.8438,0.0,0.0,-255.4477,-4.534764,-92.57862,-663.92346,-40.605553,-2044.5961,1908.7734375
37,2021,6,-3314.4631,0.0,0.0,-254.2128,-4.6965175,-95.805786,-665.35315,-41.522903,-2050.2402,2057.984375
38,2021,6,-2907.15,0.0,0.0,-297.78458,-6.2291646,-92.749,-685.0983,-43.785202,-2088.2988,2144.2109375
39,2021,6,-4383.109,0.0,0.0,-162.16376,8.309049,-89.6341,-615.7935,-16.829832,-1839.5255,1424.14453125
40,2021,6,-1618.1285,0.0,0.0,-263.45355,-16.904709,-99.36718,-783.9185,-65.4022,-2452.4316,3016.7578125
14,2021,7,-2877.3289,0.0,0.0,-979.4811,-184.36552,-98.116196,-495.99362,-69.99852,-2085.5654,656.8203125
15,2021,7,-372.66483,0.0,0.0,-794.5249,-39.378693,41.9116,-370.94482,-83.042366,-2348.6052,4363.7265625
16,2021,7,-5673.755,0.0,0.0,-420.05505,49.429703,72.09516,-238.96452,-90.38238,-1493.9473,644.212890625
17,2021,7,-3559.4033,0.0,0.0,-594.4037,1.3197321,66.844185,-314.08997,-51.825794,-1748.4445,2238.39453125
18,2021,7,5103.6104,0.0,0.0,-1416.5114,-56.94604,47.51564,-318.48895,-160.89882,-3301.3716,8429.796875
19,2021,7,6823.5396,0.0,0.0,-1946.6958,136.26097,160.61923,-594.9119,-13.352372,-3367.9102,9785.984375
20,2021,7,-1245.4833,0.0,0.0,-717.79315,19.120377,44.206676,-371.2001,-75.886955,-2198.073,3887.9765625
21,2021,7,-4129.8955,0.0,0.0,-577.1956,2.1278648,60.65599,-312.46317,-53.678284,-1749.5336,1648.8203125
22,2021,7,-2087.316,0.0,0.0,-753.5903,20.729326,16.448856,-429.81992,-73.444786,-2099.6052,3210.5859375
23,2021,7,-3145.3228,0.0,0.0,-773.26337,-58.239334,-19.569878,-389.17502,-42.753292,-1868.8573,2620.3828125
24,2021,7,-306.49564,0.0,0.0,-794.2733,-5.079652,35.9133,-339.03204,-50.287437,-2104.8667,4766.2890625
25,2021,7,20046.795,0.0,0.0,-2115.1816,42.987553,530.40845,-797.28094,-320.56128,-5797.32,20144.0
26,2021,7,-4081.1277,0.0,0.0,-565.1054,7.940159,62.497246,-305.07007,-53.762424,-1750.3726,1798.62890625
27,2021,7,23921.332,0.0,0.0,-242.80399,102.52685,530.535,-888.5392,-334.65094,-7670.285,23798.25
30,2021,7,-3986.0347,0.0,0.0,-573.8111,2.1110587,92.95782,-313.02737,-55.954025,-1661.5562,2047.875
31,2021,7,-1387.6237,0.0,0.0,-693.4802,37.584263,53.40083,-372.55933,-74.79818,-2169.76,4015.34375
32,2021,7,-4398.593,0.0,0.0,-523.77405,20.765959,72.73194,-303.3331,-51.997265,-1691.7452,1569.7578125
33,2021,7,-631.9471,0.0,0.0,-739.1232,-13.973209,69.85359,-370.36456,-86.19325,-2238.5842,4438.1015625
34,2021,7,-5189.5977,0.0,0.0,-357.8465,-18.816713,35.023605,-268.1104,-59.884277,-1532.8538,1023.509765625
35,2021,7,-4791.9565,0.0,0.0,-402.69913,-15.983141,39.3,-283.6545,-18.133833,-1564.9825,1367.12890625
36,2021,7,-3412.4158,0.0,0.0,-657.9698,6.1914864,68.276115,-328.69852,-51.58887,-1817.4633,2160.79296875
37,2021,7,-3395.3887,0.0,0.0,-658.5278,7.0881104,61.23824,-333.87604,-50.45189,-1822.3846,2259.9609375
38,2021,7,-3024.4827,0.0,0.0,-705.6087,-7.2898545,51.75107,-357.9512,-52.366566,-1873.3273,2464.671875
39,2021,7,-4514.66,0.0,0.0,-595.0537,-8.568082,129.0633,-311.379,-51.61293,-1615.8011,1569.8125
40,2021,7,-1686.3406,0.0,0.0,-719.6018,36.70921,38.4416,-385.87027,-75.98082,-2208.8823,3437.71875
14,2021,8,-2643.33,0.0,0.0,-134.8956,7.004268,-2.52183,53.529873,144.72643,-1137.5314,4863.0625
15,2021,8,-604.9469,0.0,0.0,-210.89816,-34.339615,8.808224,37.588028,171.22144,-1335.4396,6382.734375
16,2021,8,-6616.4023,0.0,0.0,66.18898,-4.247963,50.45516,45.255314,108.96075,-894.13464,1090.279296875
17,2021,8,-4309.9326,0.0,0.0,-90.31309,0.2808912,49.3004,63.315796,115.154945,-1066.1018,3264.890625
18,2021,8,6090.6846,0.0,0.0,-474.2605,-72.27778,-1.3474442,19.40092,344.17642,-1567.2517,12821.296875
19,2021,8,8249.382,0.0,0.0,-242.79306,-17.551134,121.51024,212.85677,223.0011,-2187.7031,14784.34375
20,2021,8,-1479.4464,0.0,0.0,-122.63747,-6.3534985,6.8197117,70.01065,177.26436,-1174.3496,5916.7734375
21,2021,8,-4874.8867,0.0,0.0,-95.044716,-0.71007806,36.368107,43.232906,113.471,-1012.958,2629.859375
22,2021,8,-2372.4314,0.0,0.0,-146.85721,-6.3416667,-14.891211,54.90043,170.87836,-1172.1094,4689.6484375
23,2021,8,-3522.0415,0.0,0.0,-117.834404,5.416067,10.363043,36.73833,115.58898,-1100.9554,4031.4375
24,2021,8,-473.60202,0.0,0.0,-140.27917,-0.75678724,14.010655,84.848564,121.0873,-1065.8988,6841.4453125
25,2021,8,23781.162,0.0,0.0,-401.7697,61.031647,-125.43921,438.0113,419.4681,-2839.4758,29526.5
26,2021,8,-4856.5044,0.0,0.0,-97.11267,-0.09707883,37.274143,41.177605,113.03686,-1013.6122,2651.03515625
27,2021,8,27746.562,0.0,0.0,1072.8699,259.66046,413.05255,496.8761,957.66504,-4570.802,34894.5
30,2021,8,-4856.2886,0.0,0.0,-89.03345,2.0978074,75.30674,60.747887,111.02672,-1081.696,2970.65234375
31,2021,8,-1722.1846,0.0,0.0,-121.610855,-4.8269033,14.77504,54.440445,175.47412,-1187.2062,5789.875
32,2021,8,-5237.08,0.0,0.0,-85.152695,-1.695966,44.659363,44.201912,109.98472,-961.70886,2310.16015625
33,2021,8,-876.4084,0.0,0.0,-163.61095,-39.070877,37.816425,61.437897,202.10384,-1233.7517,6449.1328125
34,2021,8,-6147.115,0.0,0.0,56.737724,1.683011,19.226276,41.78923,153.69435,-934.56384,1545.94921875
35,2021,8,-5715.006,0.0,0.0,37.40234,5.072845,23.807009,20.426367,200.74008,-967.3979,2100.8828125
36,2021,8,-4038.6233,0.0,0.0,-106.21536,-1.4014218,45.880756,58.48393,121.05022,-1066.8574,3382.11328125
37,2021,8,-4025.4246,0.0,0.0,-107.11973,-1.4935595,37.47616,53.288906,120.6608,-1071.747,3382.91015625
38,2021,8,-3569.2498,0.0,0.0,-119.81744,-3.0262067,39.87703,34.172844,124.85794,-1087.4288,3939.1015625
39,2021,8,-5381.867,0.0,0.0,-88.083115,3.4355574,104.07701,61.604237,105.1572,-1053.4171,2390.9921875
40,2021,8,-2003.2335,0.0,0.0,-141.19295,-13.52211,6.0533648,48.433525,176.69804,-1230.8774,5076.6328125
14,2021,9,-3058.0198,0.0,0.0,424.32748,27.441597,88.80949,522.7895,94.869064,590.3368,7130.0
15,2021,9,-681.4744,0.0,0.0,405.13666,47.99267,71.47183,545.2084,121.963295,536.6208,9572.84375
16,2021,9,-8004.0503,0.0,0.0,301.39697,7.7015095,87.81188,359.7275,151.44513,413.2091,1718.494140625
17,2021,9,-5204.885,0.0,0.0,348.83667,9.24665,49.182484,439.81174,72.95034,569.9558,4698.09765625
18,2021,9,7515.3516,0.0,0.0,648.8126,54.618958,112.586945,630.5868,152.33917,1020.3484,18652.78125
19,2021,9,9890.447,0.0,0.0,733.7891,-2.770806,163.25517,916.7717,-134.94868,1365.4391,21611.28125
20,2021,9,-1860.9844,0.0,0.0,402.02982,11.418957,73.715034,538.9929,108.080956,653.65063,8477.265625
21,2021,9,-5795.1675,0.0,0.0,334.46518,7.947695,57.173195,419.06046,70.75615,590.2346,3957.4453125
22,2021,9,-2775.1147,0.0,0.0,404.7432,9.752746,71.96297,514.9762,100.649284,613.22626,7308.234375
23,2021,9,-4142.274,0.0,0.0,402.05154,26.658506,65.74694,479.47748,76.82744,585.9618,6021.2890625
24,2021,9,-1001.5256,0.0,0.0,444.22644,8.667926,48.298813,491.37277,78.882675,717.1397,9511.875
25,2021,9,28181.002,0.0,0.0,-39.982468,12.496455,54.937813,1374.1606,331.5383,2566.5159,40665.625
26,2021,9,-5779.651,0.0,0.0,332.39728,6.8484674,58.434868,415.30045,70.32201,589.37415,3929.12890625
27,2021,9,33727.816,0.0,0.0,1097.4169,287.24316,951.9032,1681.8346,1028.5961,2810.2747,50397.3125
30,2021,9,-5779.641,0.0,0.0,345.86896,11.063567,47.158447,438.40817,66.50783,559.1537,4067.671875
31,2021,9,-2127.6628,0.0,0.0,390.48865,9.309217,78.43904,518.8893,105.0868,639.44434,8147.0234375
32,2021,9,-6294.9507,0.0,0.0,309.0569,5.2371407,65.939285,410.23044,68.17264,546.1483,3366.63671875
33,2021,9,-1106.5579,0.0,0.0,418.09412,40.47715,88.60144,541.2782,131.0486,601.4726,9223.1328125
34,2021,9,-7491.9985,0.0,0.0,304.019,14.234225,56.308987,386.4808,194.25667,392.09857,2229.765625
35,2021,9,-6974.646,0.0,0.0,297.937,18.414373,61.717766,380.8869,276.5449,370.1612,2995.6328125
36,2021,9,-4870.346,0.0,0.0,351.55072,7.724884,61.23031,442.10052,77.64022,598.0509,5052.53125
37,2021,9,-4842.8813,0.0,0.0,351.44928,7.632448,66.562325,437.66144,78.36485,593.1617,4962.2421875
38,2021,9,-4261.129,0.0,0.0,386.964,10.903707,73.27662,463.64386,85.07114,595.3183,5797.1875
39,2021,9,-6361.0693,0.0,0.0,347.43665,12.799187,40.411095,435.73453,63.64675,561.1712,3449.57421875
40,2021,9,-2383.0825,0.0,0.0,381.19446,6.9290895,68.15433,517.61017,105.75749,603.5293,7645.5859375
14,2021,10,-3407.3508,0.0,0.0,636.4189,22.018532,-16.466848,662.47864,97.02508,1874.0154,8258.6796875
15,2021,10,-597.4404,0.0,0.0,689.0889,57.346336,-8.671275,745.70557,130.3867,2144.9575,11720.96875
16,2021,10,-8715.31,0.0,0.0,439.67072,2.5087855,-11.137843,475.05856,39.362854,1475.9313,1901.537109375
17,2021,10,-5715.4824,0.0,0.0,542.0197,4.6814637,-27.367262,554.7423,75.10054,1679.4169,5437.96875
18,2021,10,7749.5234,0.0,0.0,997.64386,65.04454,-13.263069,904.4604,183.02245,2717.9885,21096.78125
19,2021,10,10355.315,0.0,0.0,1054.1586,3.788143,-29.343708,1063.6665,167.69557,3167.8792,25043.6875
20,2021,10,-2194.0642,0.0,0.0,619.645,7.323968,-23.159212,680.55444,109.83978,1955.2445,9620.7265625
21,2021,10,-6344.391,0.0,0.0,517.63965,4.2880197,-19.492609,538.66846,71.60679,1669.9103,4730.87890625
22,2021,10,-3088.3564,0.0,0.0,626.2604,4.728088,-16.00265,661.14764,102.8053,1909.0883,8919.453125
23,2021,10,-4543.9116,0.0,0.0,632.8548,21.799803,-13.854207,609.03345,80.11826,1763.32,6926.859375
24,2021,10,-1472.855,0.0,0.0,600.75696,4.7297506,-16.584026,621.8664,83.19914,1892.6901,10436.140625
25,2021,10,30631.209,0.0,0.0,1257.6228,70.24033,243.08556,1703.9159,360.6551,5329.6914,47843.25
26,2021,10,-6332.0737,0.0,0.0,514.5514,3.142412,-20.550007,534.62744,71.172646,1669.1902,4867.3046875
27,2021,10,38114.664,0.0,0.0,3036.2495,504.1145,52.840073,2517.1353,766.2133,8192.256,62180.0625
30,2021,10,-6297.085,0.0,0.0,535.8433,6.498379,-21.66452,554.4373,68.658035,1655.2638,4616.68359375
31,2021,10,-2458.9375,0.0,0.0,608.8581,6.9300056,-18.072317,664.5433,108.125786,1937.0073,9297.7109375
32,2021,10,-6869.888,0.0,0.0,485.30057,1.57799,-20.340534,529.2783,64.31282,1614.4475,3899.67578125
33,2021,10,-1331.6815,0.0,0.0,634.8428,48.58985,-26.833752,700.3388,130.88405,2033.7654,10558.171875
34,2021,10,-8136.3833,0.0,0.0,412.4208,6.7094398,-27.745127,490.7676,98.42045,1541.3063,2610.44921875
35,2021,10,-7617.383,0.0,0.0,436.4981,10.608986,-26.713436,471.04068,153.86217,1537.3458,3509.46484375
36,2021,10,-5350.8022,0.0,0.0,575.9142,3.0866191,-25.443996,559.42694,79.61956,1716.6224,5976.7109375
37,2021,10,-5311.45,0.0,0.0,581.74066,2.9947166,-24.38694,562.4255,83.780754,1719.1836,5937.21875
38,2021,10,-4701.278,0.0,0.0,621.9155,5.6808243,-25.038235,598.49335,88.36196,1749.8262,6800.2421875
39,2021,10,-6926.0435,0.0,0.0,537.2178,7.58037,-29.29647,551.82153,56.041164,1617.8728,3945.1015625
40,2021,10,-2580.3352,0.0,0.0,633.2563,14.015515,-21.463991,659.11487,108.799736,2005.4967,9375.59375
14,2021,11,-3114.8127,0.0,0.0,73.853836,24.43944,231.80304,508.2329,-29.296333,1877.1554,7541.359375
15,2021,11,-316.5864,0.0,0.0,80.97425,53.710205,234.53157,545.84595,-44.96927,2246.5217,10517.53125
16,2021,11,-8509.289,0.0,0.0,-105.849815,-6.716527,204.50378,332.50488,-76.275826,1421.0238,1740.033203125
17,2021,11,-5394.1484,0.0,0.0,29.26593,6.097145,212.49467,416.3339,-36.66056,1659.536,4952.1796875
18,2021,11,8251.573,0.0,0.0,472.6072,127.90771,311.4418,870.36725,-30.7216,2854.0432,19330.46875
19,2021,11,11017.985,0.0,0.0,474.74374,-17.392265,201.97287,911.4958,34.376915,3606.0764,22965.3125
20,2021,11,-1939.539,0.0,0.0,38.81903,5.9658694,217.82568,523.064,-28.022993,1971.7035,8779.015625
21,2021,11,-6098.893,0.0,0.0,5.4093213,5.703701,218.6184,400.9196,-40.34864,1577.7582,4269.1484375
22,2021,11,-2819.6775,0.0,0.0,56.746544,5.9041414,228.32137,502.78107,-31.182684,1922.9431,8003.1953125
23,2021,11,-4235.003,0.0,0.0,91.82032,23.150064,232.38768,452.38547,-17.714588,1736.2495,6487.0625
24,2021,11,-1117.1318,0.0,0.0,85.158905,6.1454315,221.94907,481.48206,-28.967333,1914.7672,9763.015625
25,2021,11,31079.12,0.0,0.0,164.11668,198.11583,769.94293,1908.4869,-3.3024333,5688.1553,46248.5
26,2021,11,-6087.073,0.0,0.0,1.8251488,4.558094,217.56099,397.87045,-40.78278,1577.0381,4391.34765625
27,2021,11,32103.96,0.0,0.0,-2450.8098,361.3081,1489.8905,-42.276413,-246.67378,9631.311,54447.0
30,2021,11,-5992.286,0.0,0.0,20.245083,7.9140625,214.53716,414.05347,-43.10307,1626.1831,4245.59375
31,2021,11,-2222.8914,0.0,0.0,26.972397,2.447916,210.84012,503.22488,-29.772236,1953.9835,8258.7890625
32,2021,11,-6631.967,0.0,0.0,-25.123753,0.4047993,206.2265,392.4906,-39.517548,1518.8212,3648.90234375
33,2021,11,-1120.5109,0.0,0.0,45.47089,43.768295,215.49216,525.4804,-26.222832,2042.5276,9409.1875
34,2021,11,-7921.238,0.0,0.0,-68.44748,-11.908346,176.50314,344.3038,-31.475409,1461.348,2376.7109375
35,2021,11,-7348.4053,0.0,0.0,-122.67166,-12.089499,186.90584,324.563,19.797047,1589.523,3427.515625
36,2021,11,-5049.7734,0.0,0.0,55.08996,4.515974,214.27177,419.09674,-37.862957,1690.4752,5382.3046875
37,2021,11,-5006.906,0.0,0.0,55.687225,4.3449793,217.63562,416.36203,-34.1149,1703.4279,5529.515625
38,2021,11,-4431.969,0.0,0.0,73.96656,7.031085,216.77597,439.7815,-32.63214,1721.6425,6531.890625
39,2021,11,-6593.9536,0.0,0.0,21.423681,8.996051,210.75313,411.83014,-45.57243,1602.3446,3740.01171875
40,2021,11,-2328.759,0.0,0.0,49.142212,3.4344606,220.97856,502.0719,-29.095518,2018.7264,8827.71875
14,2021,12,-3210.95,0.0,0.0,608.51764,-5.11182,189.50497,347.7195,36.027985,1930.2286,9409.109375
15,2021,12,-369.50098,0.0,0.0,658.79877,17.738794,185.87286,349.96255,63.85872,2365.217,13084.453125
16,2021,12,-8679.805,0.0,0.0,303.8289,-12.057719,164.06795,165.23135,7.972554,1470.9147,2276.083984375
17,2021,12,-5569.879,0.0,0.0,481.4061,-23.369944,171.4387,235.08571,32.719646,1703.1942,6225.8671875
18,2021,12,7806.1074,0.0,0.0,911.80536,21.434864,235.83275,415.286,84.85787,2981.6177,24783.125
19,2021,12,10908.205,0.0,0.0,973.5977,-41.34028,170.76295,731.78296,122.05302,3673.3499,29061.40625
20,2021,12,-2085.425,0.0,0.0,574.3799,-23.585398,175.12076,309.6507,40.26228,2029.9279,9843.09375
21,2021,12,-6270.3823,0.0,0.0,454.66675,-23.76339,177.2294,226.3939,26.799377,1619.8708,5343.015625
22,2021,12,-2917.04,0.0,0.0,591.7902,-23.647127,186.10349,341.04282,34.14164,1977.3613,9825.9140625
23,2021,12,-4392.416,0.0,0.0,543.7856,-6.3170257,190.8653,288.3534,45.44851,1793.7048,8142.6015625
24,2021,12,-1273.859,0.0,0.0,534.98315,-23.32166,180.94815,324.43143,35.464245,1957.3185,12160.09375
25,2021,12,30944.879,0.0,0.0,1719.383,-175.86804,588.9129,1004.1008,163.65549,5982.0845,54884.625
26,2021,12,-6258.8506,0.0,0.0,451.0826,-24.362772,176.17201,222.7333,26.55328,1620.8213,5647.859375
27,2021,12,35157.664,0.0,0.0,1228.7382,-229.22173,1204.141,908.65546,98.40559,9746.535,65887.5
30,2021,12,-6170.667,0.0,0.0,472.3853,-21.553026,173.17242,231.84601,24.3282,1669.8413,5294.5
31,2021,12,-2353.6213,0.0,0.0,562.20703,-27.103355,168.9286,304.9678,38.513042,2015.1127,10352.359375
32,2021,12,-6791.218,0.0,0.0,424.46954,-23.779255,170.20215,220.94705,31.4846,1564.4794,4408.78515625
33,2021,12,-1246.3069,0.0,0.0,593.25714,15.755355,171.46031,315.7653,47.065193,2108.6506,11863.40625
34,2021,12,-8187.9414,0.0,0.0,251.47372,-17.609972,141.789,161.45479,68.036476,1506.0775,3168.96875
35,2021,12,-7435.3896,0.0,0.0,298.8288,-19.032747,148.76561,244.17874,85.21624,1632.4901,4031.44140625
36,2021,12,-5226.3706,0.0,0.0,505.37708,-24.951115,174.08075,241.31505,27.571518,1734.0275,6873.890625
37,2021,12,-5183.6235,0.0,0.0,505.73856,-25.12211,176.51134,238.58038,28.998283,1749.8894,6722.4921875
38,2021,12,-4607.878,0.0,0.0,525.36255,-22.436003,175.80212,260.6805,32.611137,1777.3157,8578.6953125
39,2021,12,-6774.659,0.0,0.0,472.98645,-21.69524,169.28635,229.25905,25.888165,1646.0029,4472.16796875
40,2021,12,-2444.3958,0.0,0.0,581.41547,-24.879045,178.01529,319.968,38.75979,2079.687,10376.34375
14,2022,1,-3046.204,0.0,0.0,569.5391,2892.5496,153.35121,430.0978,21.399252,2545.1768,9606.109375
15,2022,1,-167.4931,0.0,0.0,627.26666,2906.7278,197.35538,421.1994,52.29011,2971.2427,13819.671875
16,2022,1,-8452.304,0.0,0.0,292.48135,2888.8098,203.45041,253.75398,10.993334,2081.96,2254.8203125
17,2022,1,-5449.072,0.0,0.0,373.78458,2884.8577,157.88982,318.34418,20.249086,2319.753,6248.8203125
18,2022,1,7991.493,0.0,0.0,835.99335,2921.2612,296.3854,467.01065,37.560066,3587.5522,24942.53125
19,2022,1,11362.146,0.0,0.0,1096.2628,2881.3098,227.04704,855.55286,61.13486,4282.183,28738.21875
20,2022,1,-1938.4724,0.0,0.0,506.27112,2871.7737,166.79474,388.67834,26.13756,2642.8936,11054.9375
21,2022,1,-6119.8853,0.0,0.0,424.3663,2867.0051,148.38869,280.60202,15.950868,2235.135,5449.46875
22,2022,1,-2771.0134,0.0,0.0,554.3549,2877.1084,154.39285,402.21967,19.319063,2592.3105,10329.1875
23,2022,1,-4259.4717,0.0,0.0,498.79007,2891.3445,150.76077,364.41443,19.001919,2402.794,8210.1640625
24,2022,1,-963.0728,0.0,0.0,527.89935,2894.1008,196.49269,436.95264,24.024418,2564.9375,9226.390625
25,2022,1,30740.436,0.0,0.0,1316.7902,2739.504,389.4071,947.1679,262.11353,6396.891,54270.75
26,2022,1,-6139.22,0.0,0.0,414.49744,2865.3894,147.37721,252.30637,16.278996,2236.1255,5676.46875
27,2022,1,32480.807,0.0,0.0,85.06832,2217.0522,133.04944,777.312,-99.90781,9331.858,60198.0
30,2022,1,-6060.153,0.0,0.0,381.94623,2882.1401,122.65755,312.1484,29.114025,2286.4006,5214.2421875
31,2022,1,-2201.9675,0.0,0.0,512.5559,2873.652,137.359,389.1978,23.889769,2630.9316,10293.75
32,2022,1,-6661.022,0.0,0.0,389.3357,2869.6494,144.56589,252.31006,21.825861,2180.8606,4463.55859375
33,2022,1,-1071.935,0.0,0.0,558.81476,2905.6091,161.10649,389.2308,36.981667,2720.222,12083.53125
34,2022,1,-7986.8193,0.0,0.0,219.60966,2890.1873,127.27528,262.97308,50.428387,2114.2678,3030.41796875
35,2022,1,-7102.4575,0.0,0.0,342.73907,2896.4473,157.49904,388.3179,64.783104,2240.2878,4020.3984375
36,2022,1,-5101.1284,0.0,0.0,487.5405,2868.1423,130.45097,276.0295,18.750921,2348.783,7006.0859375
37,2022,1,-5042.4087,0.0,0.0,484.46796,2867.9714,128.61879,301.18472,16.464119,2360.4946,6810.8984375
38,2022,1,-4500.558,0.0,0.0,479.01233,2870.6575,132.36214,311.9745,18.936485,2388.1624,8374.5625
39,2022,1,-6711.8564,0.0,0.0,391.23578,2859.6663,118.50632,270.54968,31.876732,2264.8398,4536.62890625
40,2022,1,-2246.7017,0.0,0.0,541.98364,2880.1135,169.73361,407.28287,24.635067,2695.9978,10602.5
14,2022,2,-2988.6619,0.0,0.0,589.24084,3029.861,120.46959,392.30276,-85.67228,2297.683,8533.09375
15,2022,2,-391.94345,0.0,0.0,650.2166,3048.4292,111.972305,352.04953,-130.10686,2531.6152,12071.640625
16,2022,2,-8246.275,0.0,0.0,302.51624,3026.925,122.20264,221.76613,9.068147,1941.2057,1996.005859375
17,2022,2,-5341.5337,0.0,0.0,386.75085,3023.2053,99.04396,295.3932,-58.08299,2124.561,5536.046875
18,2022,2,7591.25,0.0,0.0,854.66394,3062.2917,142.19589,410.48587,-241.8694,3089.769,22215.59375
19,2022,2,10834.729,0.0,0.0,1108.3799,3019.6218,89.44045,841.82465,-97.92657,3586.683,26161.96875
20,2022,2,-1948.6013,0.0,0.0,519.47095,3009.2888,107.370804,342.81183,-98.27374,2370.7878,9902.625
21,2022,2,-5910.212,0.0,0.0,437.91782,3005.3528,102.633575,266.96024,-50.289,2117.4138,4877.328125
22,2022,2,-2731.4736,0.0,0.0,572.2058,3014.4204,116.88489,362.40274,-87.75248,2331.4387,8500.1875
23,2022,2,-4152.736,0.0,0.0,518.9499,3028.656,117.978004,333.75424,-75.00303,2191.4312,7242.453125
24,2022,2,-950.5361,0.0,0.0,534.17676,3032.4487,108.774086,424.51877,-80.79684,2326.1956,7186.859375
25,2022,2,29651.383,0.0,0.0,1253.6693,2872.6812,212.53665,767.99646,-641.7954,5570.9673,42028.8125
26,2022,2,-5929.5938,0.0,0.0,428.049,3003.702,101.57617,238.83197,-49.960873,2118.3647,4858.65625
27,2022,2,32666.396,0.0,0.0,240.60785,2348.336,12.60707,810.0097,-292.2216,9284.345,47270.75
30,2022,2,-5906.171,0.0,0.0,394.91257,3020.4878,101.0549,289.31946,-49.21802,2100.4084,4641.09375
31,2022,2,-2182.4531,0.0,0.0,526.57666,3010.9646,101.135574,343.47137,-94.59483,2360.1562,9020.78125
32,2022,2,-6452.9434,0.0,0.0,404.19974,3007.9622,97.90875,238.35185,-48.426174,2067.0635,4003.703125
33,2022,2,-1132.5757,0.0,0.0,569.60046,3045.3477,101.05663,329.23648,-124.80535,2431.7522,10694.75
34,2022,2,-7756.0015,0.0,0.0,224.20325,3031.261,111.9113,262.7414,-22.0371,1999.5419,2594.1796875
35,2022,2,-7096.7847,0.0,0.0,359.33707,3037.5974,90.48671,388.72226,-47.866703,1992.2991,3527.01171875
36,2022,2,-4959.7905,0.0,0.0,500.73828,3006.4897,102.0104,255.4718,-61.870987,2155.918,6215.578125
37,2022,2,-4912.342,0.0,0.0,497.66577,3006.3188,104.112946,280.8007,-67.02631,2155.0276,6045.03125
38,2022,2,-4387.9053,0.0,0.0,495.8952,3008.0798,103.25328,280.59366,-73.93753,2177.9126,7044.84375
39,2022,2,-6568.524,0.0,0.0,404.43356,2998.0137,98.45052,247.72092,-45.090374,2065.3538,4020.51953125
40,2022,2,-2265.475,0.0,0.0,555.693,3017.5408,107.9348,361.71417,-96.11072,2413.7852,9277.484375
14,2022,3,-2903.5767,0.0,0.0,632.9294,-47.52017,178.11945,549.76587,90.64235,1120.7777,7691.015625
15,2022,3,-401.89328,0.0,0.0,670.50305,-42.849663,221.33447,571.10864,37.787304,1168.7899,10279.859375
16,2022,3,-8131.7407,0.0,0.0,311.92847,-52.03228,196.31546,379.56384,81.581184,837.1471,1778.552734375
17,2022,3,-5094.7617,0.0,0.0,507.2948,-69.31715,179.57704,454.83408,119.99555,1023.255,4978.71875
18,2022,3,7821.7817,0.0,0.0,937.85583,-37.577293,301.56137,831.3366,-46.82568,1666.0836,19917.65625
19,2022,3,10157.928,0.0,0.0,969.3652,-81.31942,255.1577,927.1672,23.165709,1836.5039,23251.375
20,2022,3,-1751.059,0.0,0.0,578.61115,-70.23741,189.97595,563.64606,77.92137,1204.2408,9045.921875
21,2022,3,-5692.9424,0.0,0.0,483.30417,-70.337616,175.57347,445.27057,126.719185,1045.5442,4289.15625
22,2022,3,-2603.199,0.0,0.0,614.55615,-66.12602,180.84915,546.09406,87.73133,1169.6656,7947.65625
23,2022,3,-3982.81,0.0,0.0,576.8926,-48.660767,175.24306,490.53406,106.85064,1096.8633,6455.140625
24,2022,3,-895.74817,0.0,0.0,560.7756,-69.895874,233.56789,509.91348,100.308624,1178.433,6343.25
25,2022,3,30393.264,0.0,0.0,1477.5148,-442.4214,412.34473,1809.8636,-336.98767,3982.3013,44911.875
26,2022,3,-5680.096,0.0,0.0,479.72,-71.23088,174.56198,442.7791,127.04732,1044.7239,4258.3828125
27,2022,3,30975.092,0.0,0.0,513.09955,-677.8796,233.70467,149.37569,-348.41287,6459.448,40203.375
30,2022,3,-5696.017,0.0,0.0,493.37253,-67.50024,144.8036,452.7785,130.97128,1011.5113,4334.5078125
31,2022,3,-2034.0522,0.0,0.0,578.63525,-69.582245,160.59183,544.03485,81.11805,1193.1277,8397.75
32,2022,3,-6200.6963,0.0,0.0,453.66534,-69.09324,169.53304,436.6819,135.19388,997.0814,3585.5703125
33,2022,3,-1037.5321,0.0,0.0,608.00574,-47.16288,188.71573,560.1242,46.342678,1178.251,9512.09375
34,2022,3,-8157.0967,0.0,0.0,162.88014,-50.972862,157.5238,379.22556,-325.32162,824.51135,2286.67578125
35,2022,3,-7814.4326,0.0,0.0,283.64197,-50.270935,181.91693,366.29865,-503.47687,811.68646,3217.9375
36,2022,3,-4762.7847,0.0,0.0,535.7388,-66.488045,154.06888,459.6589,120.36005,1063.806,5418.3125
37,2022,3,-4745.982,0.0,0.0,533.9475,-66.65127,152.2151,456.91068,115.44757,1064.2618,5343.7578125
38,2022,3,-4172.011,0.0,0.0,557.3859,-64.89043,155.95844,481.14423,106.01553,1086.141,6220.703125
39,2022,3,-6285.6665,0.0,0.0,499.49487,-69.31405,140.6379,449.5358,132.98811,997.7749,3672.125
40,2022,3,-2172.3027,0.0,0.0,596.48224,-59.947693,196.17354,544.7729,81.68496,1192.5457,8118.453125
14,2022,4,-2186.2603,0.0,0.0,162.00604,76.751396,587.4864,-251.41898,-62.9729,-959.5344,4025.65625
15,2022,4,-11.035856,0.0,0.0,203.36885,91.45911,575.90234,-174.43224,-86.982185,-1189.448,5356.765625
16,2022,4,-6405.288,0.0,0.0,-54.32318,32.655422,527.6974,-56.63973,-1.1745508,-713.47504,820.31640625
17,2022,4,-3925.6548,0.0,0.0,60.833736,58.584488,555.11536,-127.43845,-36.182327,-888.4272,2686.203125
18,2022,4,7253.6255,0.0,0.0,526.75,192.15854,673.5048,-174.79008,-190.26288,-1364.8461,10526.5625
19,2022,4,8464.289,0.0,0.0,465.28452,21.581179,525.04553,-465.2207,-69.89591,-2004.3392,12086.65625
20,2022,4,-1104.9487,0.0,0.0,118.260254,56.873844,560.35223,-159.82597,-73.75142,-1008.41113,4764.8125
21,2022,4,-4475.235,0.0,0.0,37.001015,57.64375,561.2049,-132.4565,-36.216995,-836.17145,2184.4375
22,2022,4,-1951.8347,0.0,0.0,138.33543,57.3563,571.437,-224.96863,-65.88395,-1001.176,3878.515625
23,2022,4,-3008.4163,0.0,0.0,139.97151,75.44812,586.6748,-202.18465,-44.854774,-917.78674,3359.5078125
24,2022,4,-19.300472,0.0,0.0,108.7461,57.54681,564.05835,-154.60161,-49.793274,-878.58746,5246.578125
25,2022,4,24769.117,0.0,0.0,-53.21352,45.84739,1297.4908,404.65054,-38.14997,-3208.9617,23946.0625
26,2022,4,-4454.6006,0.0,0.0,31.043016,55.99316,560.16016,-127.069565,-36.10481,-836.9113,2151.4609375
27,2022,4,19441.73,0.0,0.0,-6523.685,-220.77342,1770.7557,202.94623,-459.97354,-7763.8486,20403.625
30,2022,4,-4487.5625,0.0,0.0,54.362503,60.401398,557.77997,-126.05941,-27.317402,-901.0714,2380.5234375
31,2022,4,-1371.172,0.0,0.0,107.509476,53.31491,553.69403,-171.09593,-70.55474,-1022.92017,4560.03125
32,2022,4,-4883.237,0.0,0.0,6.0988474,51.621613,549.4807,-126.68971,-31.9201,-783.74805,1875.9375
33,2022,4,-466.74026,0.0,0.0,142.0331,80.526794,561.258,-159.90187,-84.82557,-1096.3037,5051.609375
34,2022,4,-6005.456,0.0,0.0,-22.290379,13.32342,485.7829,-75.0872,-17.03041,-755.5489,1220.671875
35,2022,4,-5729.46,0.0,0.0,-112.221634,13.644174,486.956,-106.84745,-71.04122,-790.6796,1727.6953125
36,2022,4,-3619.0923,0.0,0.0,89.43998,56.955746,558.32275,-135.86885,-37.089664,-883.9898,2782.265625
37,2022,4,-3601.4414,0.0,0.0,89.58395,56.793995,560.37994,-138.39769,-41.61606,-888.1969,2782.4765625
38,2022,4,-3109.8806,0.0,0.0,121.15458,58.61452,561.554,-159.30673,-46.723915,-897.38324,3222.640625
39,2022,4,-5024.9473,0.0,0.0,58.736675,65.422745,555.8696,-128.78082,-18.157368,-876.9446,1976.5234375
40,2022,4,-1589.8082,0.0,0.0,124.571335,52.69561,563.5839,-178.2554,-73.44963,-1057.9967,4194.125
